0.004495348573147595 0.3747446095396789 1.58475223822197 3.963659514524256 5.903153671373509 6.388299701039564 6.480936683578758 7.778989800757124 10.249151805049266 12.392723823575338 13.291107747815186 13.719899088047317 15.039756297471268 17.468036421838125 19.873979082669905 21.170196667528007 21.528952439410435 22.0846073370743 23.623671969369873 25.77684999957687 27.490636931248357 28.14262307316684 28.1182238284957 28.361998489202186 29.456073744908036 31.12806570620854 32.56758691958645 33.16805843280834 33.01245444603512 32.74297989605717 33.00624418109829 33.96252113258937 35.215794967811675 36.15168847149012 36.38351548319231 35.98635525316185 35.39883816539119 35.10908925065948 35.353999560485676 36.00876446994096 36.697746057139994 37.026534801646505 36.78935463326113 36.04921471099134 35.074653243994966 34.19084620961238 33.63079617282621 33.45316214748626 33.54875977608943 33.7148637719528 33.75334199052332 33.54941161096178 33.10527899215681 32.52546080040902 31.96828312447385 31.586040156125076 31.474801806050827 31.647322235428355 32.03314394601289 32.50206233742364 32.90216972588077 33.101802387794805 33.02513401712508 32.67307767419891 32.12411636696576 31.51360799284756 30.994995923346163 30.69177168841502 30.653751799819247 30.8332402099895 31.09377846324594 31.25526169493057 31.165378745380202 30.772902593465677 30.17012548839326 29.57655197916918 29.256740417587075 29.397082188508964 29.995747772188857 30.828840078570973 31.53066903574554 31.769666390434722 31.438142825255813 30.742939589362674 30.117662266931532 29.975022690348695 30.43206616687703 31.193345542093468 31.70746655550557 31.53537714810299 30.691232063318466 29.683667946735884 29.168581480519553 29.43063048739294 30.10496261621653 30.424883854101097 29.862374597846767 28.635105800721103 27.577019085023057 27.396497918648315 27.967122069283008 28.382959182441937 27.836420312340348 26.49657542334476 25.420180317772225 25.45741174189373 26.27451221979118 26.663234797425208 25.935390896801 24.821219503221336 24.67002238900966 25.764958760529414 26.859431172097572 26.70769288960687 25.728218185082703 25.486671273443804 26.48984935101633 27.32399459523021 26.581423064865994 24.975325019360486 24.40698636319796
0.3574726723194033 1.9160621782415888 4.545164744661246 6.663454665041041 7.229939693713057 7.2238890982300425 8.259667214136321 10.462427532414193 12.456506002583222 13.25974454146142 13.502562619679413 14.545649023888398 16.787729396699053 19.24717812137775 20.76104486506132 21.274764977809852 21.798911033784766 23.236132475585734 25.439666820877243 27.436165321646836 28.448001327275524 28.623072721768033 28.818572217828667 29.759127353272024 31.40563455426806 33.057180442414115 34.00000576514493 34.09229561139283 33.824515045226775 33.88298767397737 34.6190756587778 35.827851606691766 36.94754924613752 37.47771428438083 37.30205829955324 36.7216989364493 36.22457884236374 36.1744402281542 36.61555937948497 37.284490898539204 37.78660238637863 37.814948294389346 37.29218909909613 36.37992914330596 35.37604707976247 34.56858661203804 34.11925333570245 34.0202207122657 34.127090762443345 34.23922688882218 34.18679532243122 33.890838693428606 33.380410639062326 32.769510378294925 32.209301045744766 31.83532653554685 31.726405456395636 31.884812796352488 32.239633216716925 32.66910499391074 33.03428752064619 33.21528542633246 33.1418351640877 32.81162721996237 32.29197150586468 31.703339979563076 31.18705134855063 30.863701537973085 30.79305374219976 30.948450821192218 31.217556356012622 31.435056556373414 31.4421675378766 31.155146731244457 30.6156393834129 29.995612686086318 29.542816835246875 29.47774231258195 29.881154659406246 30.627975161986832 31.41443187888473 31.886472234374395 31.820886947310353 31.26554628070289 30.54495331733328 30.098057171909645 30.21657311982334 30.836459826322127 31.535999347531032 31.783135213558722 31.30111239608209 30.301374969165927 29.379251676783383 29.09303814642721 29.512687357727295 30.11122001226359 30.15183493727876 29.312228020012302 28.018189492051114 27.128028398745116 27.1664389950668 27.789691165092034 28.056191048464417 27.344583392709662 26.044414517975053 25.238186827456015 25.58274428585983 26.545560197454897 26.92899962871755 26.231757698175247 25.304395661995645 25.39294103493398 26.57586089432476 27.541226716344628 27.16551513179216 25.987591672222674 25.545082263997667 26.265357725874274 26.77441589140994 25.799015167903708 24.121704916982853
1.5451120777790308 4.522311728526294 6.97332271548256 7.826194983165831 7.973813694323411 8.992025417192743 11.089894376416481 12.994098960518308 13.703717235533386 13.748503305486572 14.48027677462062 16.444209442076897 18.81202537643742 20.401788110692436 20.984254051842463 21.438905469410482 22.731953759999676 24.906847925817008 27.09838406081121 28.432212594484408 28.84289979207455 29.060951111296635 29.886767680317853 31.48375247666993 33.29384966122082 34.56174902682481 34.95865187128161 34.79943302609968 34.74424448898207 35.28098548792233 36.394786489483195 37.628368593053004 38.432875871252264 38.533013236590676 38.07102285393117 37.475851938989265 37.18061617759033 37.37715404664595 37.938863719688996 38.52468878578808 38.7782819457949 38.50503972138158 37.74504267830762 36.72713229487147 35.747504077085374 35.040383990514734 34.69670154755875 34.654045180514174 34.747222633698506 34.78775797741479 34.63727670843916 34.25019371774438 33.677538109304116 33.03854067972155 32.47522245915892 32.106731712680244 31.99632893838591 32.137572288689654 32.460014002855345 32.85017684174339 33.181207131014354 33.344062166180656 33.27372998930603 32.96524716460008 32.4759483050345 31.912532506092553 31.404345187510458 31.067707362871573 30.969632848836245 31.101713365058316 31.37480417468185 31.641110633276256 31.742127785729693 31.570239493255816 31.122337670122537 30.520548535038426 29.982294468437733 29.740251871696813 29.937356913582626 30.542196758632684 31.333001644546265 31.975666263622927 32.17636347653243 31.84119077437248 31.15258380656942 30.49856282409876 30.26623464015836 30.60145040246264 31.28453121325303 31.82927320575644 31.780822538796762 31.03804842065018 29.967666588087738 29.18476066670643 29.109901928912464 29.61806440501694 30.084916314861953 29.859693640538218 28.82526905377475 27.559679580050382 26.88656571727789 27.14023888841045 27.809584459452036 27.970463180714273 27.186250903364904 26.010018864604756 25.49607811673523 26.11051009294408 27.16831529411063 27.508489974828212 26.785693785942517 25.9216223323369 26.059063607263056 27.13071566256481 27.81544747895171 27.11477765613608 25.667008908396863 25.00232515621358 25.531347966799803 25.94859504291157 25.05927351168387
3.895762275346378 6.611267174919089 7.796258342445707 8.266513357534482 9.50803613983976 11.728860964825735 13.710037198454444 14.445788882069404 14.393119315282476 14.884351863269334 16.573084626286878 18.774476928728173 20.330045477909213 20.89123373308948 21.219753898486626 22.311349024800272 24.366812197646475 26.642227202886968 28.216652089961404 28.84694393066601 29.120142570128458 29.858013210876297 31.38591819627285 33.29949295427033 34.853311391613275 35.576570562118576 35.606808555869364 35.52980843607378 35.913516919101546 36.91169047935667 38.20019046368384 39.23829468769699 39.635602853774486 39.37740079344091 38.79377597222028 38.3321587897447 38.29540696631825 38.695699687537235 39.28240681697385 39.699395421092234 39.67070566938341 39.12046462472153 38.18372052288165 37.123901481581825 36.21032579933575 35.61436807407709 35.36205759348824 35.349910834625476 35.40505677453561 35.35881668520567 35.10540009228882 34.62919793092354 33.9983978771872 33.33376588538524 32.766756302491025 32.40075923809598 32.28516472243356 32.40641961527232 32.69531990826483 33.046461691280655 33.344235964331226 33.489596427313344 33.42247899812992 33.135766551730256 32.67792068162848 32.142957578812826 31.64853609291424 31.305607748325293 31.18601741225066 31.29680638849449 31.57054187359705 31.878583734940424 32.068268798164894 32.016353279217256 31.682229535994885 31.13933034961115 30.565754095703788 30.187499529535266 30.187677517407685 30.615508125009107 31.33917710227953 32.07713193577304 32.51087960832539 32.43870915994997 31.89545130814643 31.162754316440026 30.639772075295383 30.622350633424375 31.10907647263848 31.764355997833455 32.09458247956045 31.75909243419246 30.823252277139424 29.759522558718984 29.14906610750722 29.25827288303899 29.80167324660608 30.115752249721716 29.66927235067929 28.53045006877101 27.374106916331655 26.948122369003798 27.40603498796575 28.11632030490273 28.205178093588952 27.401762310458437 26.36840198647174 26.096324550456156 26.878736547941813 27.923156765852454 28.122719500131087 27.26124662408928 26.30437975648103 26.31525118415496 27.146779705527177 27.51606773693075 26.541448895935176 24.92985733012314 24.204369040181927 24.783988796801488 25.417906300191845
5.800286358890503 7.140996718098638 7.905790897763769 9.469210406170621 11.9694242599302 14.1896996942429 15.115055737466214 15.140653464101227 15.559483228261282 17.0860045116954 19.150943435257744 20.641758283749798 21.138834889696465 21.30970279800551 22.160470652331558 24.019598045674652 26.267467164064893 27.97756636693415 28.77055290165499 29.092184342633832 29.747158469614035 31.181319587097803 33.1388433603583 34.92017255679632 35.95720712739764 36.22403363499827 36.20221778444522 36.48898592685777 37.373495206101964 38.67294530633144 39.89722411350049 40.586894250261494 40.588647747068435 40.113118291726266 39.57649345074429 39.350192198028324 39.56984452244451 40.09383058756819 40.60664514668956 40.791041084985416 40.47527364071205 39.692845065076284 38.644770707449176 37.59889115207435 36.779595937393054 36.29331313374738 36.11087151770946 36.10154489036321 36.09599651801762 35.95057182529281 35.59148078459925 35.02907931276615 34.34413053064819 33.65582045712376 33.08411308366627 32.717499936952585 32.593152458747916 32.691855737076985 32.94629020576703 33.25887141856517 33.524431828662884 33.65312209578489 33.58953079565618 33.32482498228502 32.89960360762062 32.39625704503924 31.921153707651023 31.57903985091952 31.444457330603765 31.53716662733962 31.809560868318204 32.15282718312685 32.42448366458686 32.49315525886328 32.28866048046518 31.839583512755183 31.279980709628294 30.814263661461027 30.64440521597999 30.882166648286983 31.483027877982867 32.23881277167612 32.84716936240917 33.04122033298524 32.72568363951857 32.047429921443275 31.346521119272836 30.98990664142344 31.161623501216365 31.729049631541947 32.28525603899892 32.375028353094095 31.78879704773546 30.734384007839207 29.74150941194967 29.319835783016373 29.58350645601113 30.126718585086955 30.29264005555548 29.682708618284853 28.519090864024836 27.524106496413204 27.345317482051865 27.974968613434708 28.70119491693083 28.717009335992977 27.890163829344754 26.947898903249055 26.803469198193213 27.6083382438145 28.50733144167492 28.46180968495009 27.36471806937633 26.21420779761021 26.026711037562198 26.63284861374141 26.813480838038476 25.771500450415722 24.227777961797333 23.669668325193133 24.519334450552716
6.2429095367938565 7.089808645930596 8.876672585212809 11.64108014676479 14.139846458859761 15.350017726916718 15.612459022629661 16.156653839753464 17.70258517787939 19.751860305725145 21.23822703547207 21.704194890216638 21.74612787643136 22.368725979417643 24.000488968076446 26.140799006388296 27.88864916263967 28.770921796031367 29.108366315093647 29.66656035593325 30.975511149682788 32.91355012512723 34.84924446050808 36.15727470198302 36.671792683398166 36.756827196745775 36.99834070708016 37.78349356150014 39.0635526750667 40.426081366126525 41.38418835742372 41.67358829202065 41.381337572532324 40.859686233156474 40.507486871183275 40.55780334870386 40.9803977685145 41.528129975892085 41.879815714835786 41.795892928694286 41.21461723134458 40.258046552443005 39.16227361476531 38.17454913222458 37.46373342561263 37.074947351716226 36.935814120984126 36.90146250748609 36.815057500689754 36.560955478766694 36.095431031365294 35.45047311170899 34.71520608914902 34.004703154976795 33.42695573240135 33.05658246996777 32.9201278399418 32.99401190659227 33.21331820940408 33.48799425014574 33.72255048459659 33.835589330070405 33.77606619538905 33.533813576779245 33.142490339678304 32.67387748540389 32.22353499104087 31.889399945807433 31.746863004942526 31.82580459096074 32.09628323315726 32.46916959716448 32.81531068801063 33.00170557122699 32.93660770259285 32.60951205423969 32.109473199328086 31.608740547188958 31.309232566706996 31.364839154111422 31.80743845194452 32.5111711953676 33.22128645501983 33.64939874237279 33.60347858875077 33.0937495804109 32.35280671500412 31.74002318723356 31.55944400463464 31.879322133050554 32.4623793330636 32.87250226525694 32.724538535332634 31.940314651937324 30.838343075118893 29.9636040433492 29.73219829566301 30.120118262436684 30.63998690540366 30.673208868072685 29.951126862019994 28.81378640305197 27.991369689809183 28.02092603185701 28.75855081119495 29.444905126175733 29.34568028228957 28.439798626659538 27.48912846575933 27.332463158843137 28.02019806227266 28.677346103186423 28.343352847889033 27.00164788788397 25.6742149052063 25.356197922270006 25.89114644315086 26.12043675667425 25.274357829898378 24.014102284395406 23.748940940994498
6.284634576899254 8.071106317547553 10.9168686790151 13.5619212106489 15.00290507593861 15.549083127870261 16.351706272172994 18.08425376596337 20.267173304122302 21.864054231851767 22.396047135484753 22.403644662307368 22.87829188755876 24.31931707308665 26.330889593806493 28.05699819659912 28.9691636943774 29.28756378767699 29.730507527202274 30.88385909923079 32.74187529968088 34.7527734337027 36.267544304716026 37.008756874413656 37.2230835687794 37.45679660798631 38.159356675519355 39.39902683523932 40.85412573412111 42.04368458132509 42.62317233391303 42.56411991663433 42.13540042076661 41.72828823507317 41.642765677253436 41.950074451898985 42.48604917537301 42.95576918572103 43.081944447414195 42.72351560751982 41.91925568355931 40.852370796936164 39.76514467637365 38.86596017274102 38.26449679340486 37.95247352737381 37.82720560926111 37.741271869847495 37.55694185657676 37.187600538996435 36.616656715806684 35.893331106257534 35.111358069319806 34.37972713720683 33.794354178158756 33.417126253377816 33.26547301362321 33.31259872900338 33.49639968279342 33.734042256984644 33.938991583829775 34.03760833973359 33.98293909855272 33.763811908459054 33.40778471034955 32.97699895687491 32.55675293009671 32.23777541657598 32.0947367861225 32.1652167148438 32.4346214779794 32.83269751892461 33.24565903986152 33.54425474257952 33.62279231481208 33.43860274376435 33.03784527541024 32.55430698361562 32.174460244806326 32.07397379036898 32.34476751322487 32.94170415209327 33.67766759603504 34.28125854776049 34.50481708931201 34.24167698937204 33.59547592348744 32.85464000707685 32.365124732514616 32.35051113816271 32.771717777228844 33.317459451452635 33.557486072330626 33.194299991304945 32.26945664734223 31.178488959921715 30.448785529089417 30.393830685426824 30.872062751401725 31.34776972915965 31.258706235784878 30.45279681536484 29.352883199297615 28.66890428170374 28.829465000814217 29.583092632601275 30.150269313738203 29.87001848281982 28.80956346681234 27.74902128558898 27.469378051474447 27.96347350514087 28.372106551377637 27.812935648580545 26.33355068286678 24.961112512514553 24.67628621527908 25.345764343045907 25.84748784046101 25.373898309499197 24.45701364986813
7.52257594541766 10.209107168061557 12.751981943747648 14.22472752819439 14.952361105410795 16.014793453573933 18.00448884367006 20.416587815830525 22.22408545293434 22.93311408182119 23.03555039293094 23.49413752229085 24.845627478585268 26.775001927796733 28.477602919654544 29.399524217028 29.6866381573308 30.01114348352322 30.99422270158846 32.727114077722604 34.74130172805349 36.390548866535525 37.31544662730407 37.655544100753715 37.901050715832 38.53359310963873 39.71681379351152 41.221892859658794 42.59774966755957 43.44903985781763 43.64749755312118 43.37089347521619 42.97645906560536 42.801005685483034 42.9996135252287 43.49421749077956 44.03719120512014 44.34114965656205 44.20665831019193 43.59453841059761 42.623654840755634 41.50904243034461 40.47511020182685 39.680312577090035 39.17736881569124 38.91523370438384 38.773547940358185 38.611937633355765 38.316079316663306 37.82776808334264 37.15396024051975 36.3568427041938 35.53152832690113 34.77947784044548 34.1847453015941 33.79769833348597 33.62807003461979 33.64685741930542 33.79508254592952 33.996799235979736 34.17374410911674 34.25939180593184 34.210615186970585 34.0155219449948 33.69632954478406 33.30645870954567 32.92153879368744 32.62486922472628 32.48909766326036 32.5572945653477 32.82784049129532 33.24803659047438 33.72051195950027 34.12396055403244 34.34562305205534 34.31808881233452 34.04902322674222 33.631330411915236 33.22473852893678 33.008270546710804 33.11483420206267 33.57018311951811 34.263284248139094 34.96892937209284 35.42513122424696 35.442261207222806 34.998779441077524 34.27297863147142 33.58034092682536 33.229296087808315 33.35692635304475 33.83302034763251 34.3020500927217 34.36535145475005 33.81851824423036 32.803886864275675 31.762569047528732 31.181300897223835 31.271756834430356 31.797698092492592 32.20120479948963 31.983806655271586 31.091487902205483 29.99999539867495 29.383025386288402 29.57300035400178 30.241525908989246 30.612162217534063 30.095702158224643 28.82986669852949 27.6059432062496 27.16845939323973 27.490447396642377 27.75029931120719 27.128920979427207 25.698220674556538 24.457156026253067 24.361461186250477 25.297975193662065 26.158464479526565 26.051300272022903
9.92266607223371 12.127264048654943 13.38006968586183 14.085328204629757 15.27986072097599 17.465600351549313 20.089518265615123 22.12469220354907 23.070305475224934 23.375188988633397 23.95660088047883 25.35235195636439 27.296001570608933 29.027835529764683 29.987291820105465 30.268598981663477 30.502913960872554 31.33148326150875 32.92368664357493 34.89176576046353 36.611570750884745 37.669846019585606 38.11579589729888 38.377782214320845 38.94697357037727 40.06037968880602 41.5767098568849 43.08990745412764 44.17933916423873 44.63646295855875 44.54944302033359 44.2241217571417 44.00783127511932 44.11833471750643 44.558086260183714 45.13853900120614 45.58462220380059 45.6605009702584 45.260800227975636 44.43720036166407 43.36218369293341 42.25528239283528 41.30543130075561 40.616935071816094 40.192235979543675 39.94945379553 39.76203114012732 39.503997492480686 39.08664052429832 38.478271280008364 37.70545434348267 36.83937072282285 35.97382458860826 35.201780316917485 34.5958999205039 34.19627583956567 34.0062588915612 33.99551469082143 34.10841923511624 34.27557027643425 34.42633257688962 34.50069718963225 34.45910968016744 34.28920027700484 34.0085325419571 33.66267131343883 33.318199452790324 33.05091833353654 32.93040038292225 33.00323200728955 33.27842329631242 33.71913843116671 34.24462010726049 34.74454604080589 35.10499446225445 35.24117325424456 35.1281778408001 34.818867266480346 34.43910517177656 34.15603949555621 34.12426031301753 34.42509589019199 35.021798377413056 35.75331724943911 36.37887654126408 36.665836314154184 36.4908041320105 35.90927518753382 35.15280839667709 34.53932420474095 34.32453821159804 34.56180083661933 35.04948393128376 35.41343981688551 35.30273107622894 34.602215532813084 33.53290080074763 32.554859047524076 32.10035727410306 32.287030228417734 32.806570667784555 33.098211520761645 32.72754543009952 31.71938754807773 30.5801223319415 29.942467922282642 30.062512387615698 30.565873625148647 30.69838262372697 29.938639584085006 28.478823233572005 27.11625639404898 26.57598910709888 26.83616172089647 27.117694485772613 26.635032586181186 25.433933681462232 24.44367190653665 24.580396637297603 25.755265351781585 26.87656688431582
11.985523124250168 12.842619339370646 13.329954668264783 14.474967145410297 16.698618512967048 19.40168257847965 21.56875284638344 22.71284627441361 23.25256965576344 24.048034313881818 25.604196249906252 27.66783958161813 29.508759259779634 30.567878202519655 30.903872303067836 31.1113572346214 31.83843927847496 33.313175600502404 35.220603565143705 36.97067190339328 38.12071588089478 38.649496345563705 38.925897758261286 39.43575069427983 40.46972322270324 41.964520983722615 43.56696713522267 44.851642177255144 45.550123427124994 45.668981229385764 45.45376537904827 45.24166580953611 45.291861654055374 45.67615150042471 46.26884366164329 46.823195620467956 47.08709336339763 46.903987149244294 46.26216513777128 45.283233845147464 44.16540467682662 43.11015950483834 42.26037439061723 41.66781605986887 41.2942722547764 41.039011764876825 40.77899211955131 40.407731389388346 39.86252943183268 39.1354024713837 38.26849113689311 37.33840433796268 36.43549240160851 35.64367761476275 35.024898418356386 34.61021560812156 34.397801637157 34.35674273520298 34.43492312720109 34.569134397965485 34.695765386574315 34.76077033073632 34.72792560048897 34.58459014162678 34.34429122675205 34.045546939553105 33.74653165075243 33.51560799543932 33.41845069366548 33.5034317156514 33.787942419669655 34.249077849772945 34.82219665239465 35.40992046767293 35.9019681250002 36.203028521760515 36.26235894856148 36.09612694204805 35.79309252826511 35.497181674383356 35.367043016637396 35.5215465499564 35.98850042487708 36.677737386430024 37.39567010204552 37.905303338636685 38.01641866777264 37.672448215464264 36.99302907590143 36.242071395372385 35.72097104504377 35.62547153662122 35.933773263070485 36.39276852723037 36.62956717926145 36.34862496023051 35.51415171128991 34.40383434044865 33.47629493855333 33.103664217485615 33.32201066300308 33.77213839944596 33.904407778076084 33.34492326812524 32.180312900029875 30.933327632696002 30.199777658030495 30.183248111071286 30.491783903386445 30.406840267182236 29.466018473648194 27.896809529794943 26.49251128147627 25.965344482882276 26.30892032477678 26.778662706409563 26.586716320946234 25.703333637814584 24.952703020100536 25.20874019016284 26.434438468368306
12.791971878438627 12.984908968957527 13.952651321887124 16.04629916056264 18.63826148775783 20.755514175407544 21.96187492430878 22.671243366323456 23.686216463837205 25.45442855298361 27.705097006473146 29.720010688303933 30.943275507786673 31.40804804787225 31.674281256216943 32.3834580402912 33.80125173615002 35.67227572929045 37.445130785169475 38.66671565465299 39.265202774176764 39.557540171407666 40.01596121779131 40.968581930567595 42.41878507698031 44.06864350612189 45.50331497364465 46.41381544024839 46.73717427551311 46.65681152537449 46.485405549183824 46.50456342831414 46.84154656270207 47.43120993593337 48.06482851694977 48.49056201512617 48.51637526224992 48.07533709365489 47.23589341242841 46.163649093775746 45.057034272816225 44.083308794067975 43.33536435140945 42.818496346835275 42.46493958501716 42.16618297927971 41.810312594782616 41.31328677415868 40.6373625142007 39.79486966151282 38.839610044490705 37.850531251905565 36.9129029694635 36.101421623140475 35.46811650143511 35.0362324793485 34.79985409271789 34.728125732271906 34.77253045560993 34.87570170071861 34.98048679317368 35.03829187238393 35.01599416011541 34.90085495876731 34.70291882796414 34.454409829352365 34.205735449011314 34.01798422576021 33.95231890230323 34.05741290059973 34.3569388975671 34.83986459212381 35.4566244646223 36.12378425665197 36.73836843902009 37.20060227337849 37.44082917649567 37.44361949392614 37.26070963389269 37.00551073510693 36.82611966767453 36.860654279413005 37.18658261631698 37.78159107247654 38.51411904595193 39.17468582883839 39.54489594555751 39.483551218975556 38.99588748682032 38.250690685355515 37.52582973953026 37.09317419974742 37.08753689221576 37.423697948919184 37.81509846836342 37.90398200920851 37.45127989706968 36.48755040550961 35.32765293145187 34.41503598091464 34.06287240735603 34.2411737313835 34.55923649887332 34.48861630229392 33.7107527003364 32.36021680297035 30.968171925028106 30.102492869728742 29.937681689012983 30.086737634393575 29.87194238690513 28.873809365818577 27.32958513728132 26.010514259063854 25.612212098081383 26.144763457144183 26.887805421622076 27.023396180752528 26.4127915391464 25.758351740026736 25.90900781658067
13.117165761867287 13.914287525835977 15.79269036149153 18.113719365303933 19.985342916294478 21.068539790313825 21.80813208431139 22.961179924108524 24.907386030963867 27.339238154135334 29.538903982656556 30.95551584487827 31.6043455969481 32.01085797084393 32.79587325618857 34.24006777273525 36.129821795479145 37.94984703091018 39.2490731728322 39.92231221131354 40.244243663580136 40.66987694254934 41.55197149163823 42.948865764326975 44.61629302865147 46.1605833359594 47.24924138062282 47.763777010804375 47.829032872549575 47.7248581496857 47.73997496704195 48.042851728333765 48.622599650688244 49.31275580873694 49.87405523438723 50.09349988894616 49.85940342619791 49.189391350446854 48.2101621728881 47.1049126812323 46.0517906277019 45.17451166563802 44.51771122132505 44.049218336324735 43.683026491389434 43.31232763985744 42.841750031793566 42.21076620926313 41.4044427640404 40.45174792555063 39.41450757662236 38.371430619402794 37.40155801394797 36.57047756749596 35.921222380708144 35.47038761370449 35.20894648496535 35.106634258631615 35.11856911929665 35.19287648453425 35.27833403691684 35.331328142877396 35.32161902262692 35.23651527659318 35.08307315552239 34.88791924517297 34.69432938035753 34.556367160304944 34.530254383283356 34.66372259093587 34.984811212538744 35.49227346985493 36.15018448264336 36.8892372035613 37.61632526599846 38.23226754770597 38.655116958415014 38.84394556355219 38.816149987477615 38.65114868587215 38.475620365841515 38.43030862305086 38.62503810519755 39.09498193162911 39.774651483181 40.50394311443987 41.07169217710371 41.2880252603918 41.06196259581421 40.45198434673009 39.66103820657177 38.96618678753765 38.60227128723213 38.646753273443295 38.963836239562966 39.24857863053404 39.16691533558918 38.532914199092794 37.42987170098381 36.19424949904079 35.24704252386322 34.84904233543909 34.92137600319377 35.05918802558446 34.76226465214653 33.76131601591971 32.22720978314096 30.69470711933371 29.71308084840327 29.446579303754486 29.527252302185346 29.31438105612852 28.408058059320275 27.024010066924465 25.887787291982587 25.66990470194775 26.39845230519802 27.377643458669933 27.752697836937347 27.267581255473374 26.507016109691094
14.321485116903915 16.029128991372886 18.02135674815645 19.518202378204105 20.31958637501626 20.936322195499237 22.098008824606126 24.118266237676025 26.6482917911956 28.970683855390398 30.54789574776037 31.387521205988353 31.982063005453693 32.91892349940912 34.471288911534145 36.44677522189674 38.358032844983285 39.762114140082154 40.533531906106944 40.91396137947024 41.33995483286527 42.17858282733069 43.53147321905499 45.203495255788134 46.82845928385581 48.06444162546578 48.75176518675393 48.96390577672492 48.944781922916825 48.97912596360297 49.26361764203156 49.833266219129605 50.56394801302695 51.23710966513674 51.631077184313284 51.60049122037543 51.11761199619116 50.26820508677296 49.21181296198463 48.12589550409257 47.15422243952905 46.374056824702805 45.78777419312242 45.33621756281771 44.92565919044678 44.458496610746735 43.85920171610407 43.09028547367062 42.15673609306384 41.10045031175682 39.9880310515638 38.89588769798274 37.89611240900321 37.04554303793557 36.37918642189083 35.908087966801496 35.62097420950003 35.48860884785727 35.469735716074894 35.51762776871747 35.58650118176241 35.63728818721468 35.642426291631935 35.58939116164369 35.48269072626006 35.34399540674166 35.21007009747062 35.128268310957225 35.14960407735264 35.31985325472307 35.6697167330765 36.205696431028784 36.903813030694984 37.708407152284444 38.53779461423551 39.2973605115522 39.89882676010921 40.282223629932886 40.43512639383226 40.40276842161568 40.283483727541935 40.2070060732008 40.29822137278881 40.63488767188332 41.21259871533165 41.931490815712536 42.615017084260316 43.0612998839365 43.114357390164635 42.73061617032046 42.011548823430296 41.18074308283176 40.50370099286238 40.17538512519808 40.2224586607919 40.47118044980908 40.61012736634173 40.333344132159674 39.50228829217549 38.24053872107735 36.89507140683777 35.86270220762118 35.362152197671136 35.28310441537262 35.22136671283364 34.708977636267655 33.5184259322768 31.845386253866607 30.222979319028358 29.187700884918453 28.90523860498083 29.032168852325235 28.95404310404691 28.26373419358829 27.1234715044387 26.190322797031882 26.104689716609982 26.92406454654477 27.996786737307872 28.450391959259772 27.926756223128763
16.622200492134432 18.347670464330108 19.456513385420156 19.91091333589022 20.308149199414533 21.363077224036697 23.33021742112272 25.826714506323622 28.148273335689098 29.788540918396425 30.763853930772076 31.539862557130988 32.66192000307373 34.37625552854926 36.49157173672894 38.537418747780244 40.080247679373535 40.98303260724191 41.4618133735234 41.93399517912589 42.77191018430193 44.108744442625294 45.7916070743163 47.48422698193768 48.84596618312492 49.68930850811144 50.04558680272157 50.12371505605851 50.19738762867935 50.48068483002501 51.04559276303093 51.807575255554994 52.57331891865492 53.1220921706573 53.28539018388819 52.99731723330363 52.303990699217856 51.33645440007262 50.262467096291225 49.23582377767535 48.358502490664975 47.66374628210602 47.12041638994917 46.65305371334906 46.169234759270545 45.58594257756955 44.84890686086045 43.94201121139129 42.8868569497843 41.73472168460613 40.55419747790782 39.41783057076387 38.39041488772912 37.520582075303274 36.83630400079874 36.34409780165233 36.031199705906694 35.86975379579788 35.82208202048229 35.846268577892225 35.90151119090115 35.95288865668018 35.97532213329504 35.95655215884011 35.89892851031925 35.81975307278212 35.74987949343516 35.73031497369812 35.80673832732494 36.02216989720952 36.40848848213449 36.978019897024815 37.71689459415176 38.58211381160853 39.504086015828285 40.39565021333393 41.1672565206638 41.746180153909144 42.095784514265354 42.229510456727304 42.21413019684017 42.15841720158069 42.18689198207845 42.40318612290241 42.85252810816816 43.496004421968436 44.20864029636842 44.80780633332496 45.10848247999409 44.99017308854749 44.45131731486157 43.62591478938583 42.74701516818746 42.06171616210241 41.725942998069556 41.72386091820998 41.85548823082758 41.81196632199026 41.31699754201956 40.272823836272686 38.83292269004924 37.34786110563467 36.19263643638922 35.55603007564462 35.31244758539226 35.06979089166991 34.39279693640643 33.085731586314346 31.35567971942614 29.725849569483003 28.720368824233805 28.51106874797712 28.778768822998842 28.92291304598365 28.50560878315515 27.61013199009025 26.81007497764066 26.719964472365504 27.451258998686555 28.434453564644166 28.818486025130287
18.888681838599066 19.7070679045299 19.868988185617066 20.05358849352398 20.957101944814678 22.777187649095538 25.10871247292306 27.281533277011512 28.84629348964476 29.850843655460192 30.745897110760065 32.03230535351 33.915798893007874 36.18997453104173 38.39100148915253 40.093972318090536 41.15607411932563 41.77300732352334 42.34191165197454 43.23173706095908 44.59520170475061 46.31273615221584 48.07693884480606 49.55562464774988 50.54483741167453 51.043541849648285 51.22925863843468 51.361013360280225 51.66195470839274 52.23256150372206 53.02346993013049 53.86828525991769 54.55418174523454 54.8987756246355 54.80589001724572 54.28559310218314 53.438659959343504 52.416872564110726 51.37553649065419 50.4333224718674 49.64907992092274 49.018378871221394 48.48660790974664 47.97189523747151 47.390241467864534 46.67653265067001 45.79759503547769 44.75618719174869 43.58706878173385 42.34765772583974 41.106237889709405 39.93038864632142 38.87756664161241 37.98887443957226 37.286231953583076 36.772562819170695 36.434266182583556 36.24514210805899 36.171011977082664 36.1744452536225 36.21919770142808 36.27412823537451 36.31645994319633 36.33427698014226 36.328115729926594 36.31144550940427 36.30978237881228 36.3581851902294 36.496987606153915 36.76585003723914 37.19657025364264 37.8055304727618 38.587095372569465 39.509579773169875 40.515421711772326 41.526783150326246 42.45687875420828 43.22595117029575 43.77919217025951 44.10246272495201 44.23093532815428 44.24631317962657 44.26041296023521 44.3865339777138 44.704469234078786 45.22891991645827 45.89277073560221 46.5546714972511 47.034070690474415 47.167269052121746 46.86805137040964 46.17018003099222 45.230572851944075 44.28331420195979 43.55377204236436 43.162444420027775 43.06015342070316 43.03114629989075 42.775824843697386 42.04726371347062 40.78192788926453 39.15495868831949 37.51670838759385 36.224918252162446 35.450354327235964 35.065518332405716 34.69762536083359 33.940500377177514 32.617033024632356 30.929490500331134 29.37922159124372 28.473645819427432 28.391296702692358 28.83635404407277 29.214883054903414 29.045001001491865 28.318034013656305 27.52029350365042 27.253444995321875 27.715348456820177 28.465036274059724
20.033910326269464 20.053131768587626 20.138636363837286 20.942331189522065 22.595239174663647 24.67833034813865 26.577719888103513 27.928976246832885 28.83664148248031 29.752144927389704 31.135295562948478 33.1451353396978 35.55071754548682 37.88879433807285 39.7435650459701 40.97142636028205 41.75195587022865 42.46055167570656 43.45434799307085 44.89334907584247 46.680818268636386 48.53419492092745 50.13345756726607 51.267056981508276 51.91073195962426 52.21558901080704 52.42484940814683 52.764679514784724 53.356507604794096 54.180927179620554 55.098043289487634 55.907510963304105 56.420732544620265 56.51899949017018 56.18134182608845 55.47891989625329 54.543846255611854 53.52632369950384 52.554368193528326 51.70651204264312 51.00202290309744 50.407532955356224 49.85504956443049 49.264691622741964 48.56594611155426 47.71306589068392 46.6925911668182 45.5231575491304 44.24930353438357 42.93175003330567 41.63666650846386 40.42597199426411 39.349997132670644 38.443079761290676 37.722038638438775 37.18704716387623 36.82422365562371 36.60923226122625 36.51129009866897 36.49713790940937 36.53469785309934 36.59627320573566 36.661218917319665 36.71802505189992 36.76571813082475 36.81442158842215 36.88485781428823 37.00655670304524 37.21459377743904 37.54484009948402 38.02797319528726 38.68285190564861 39.51024180898668 40.4881981535271 41.57054859066288 42.68974158835507 43.76474320125515 44.71365897906095 45.469438796588484 45.99565300425369 46.29831167280594 46.42950676300162 46.47969421903842 46.55785357696993 46.76229120207904 47.148685103902714 47.70483883706607 48.342089677497675 48.91032418041666 49.23698094865061 49.18159953602015 48.689228147307226 47.822007616767436 46.75169631968118 45.70778081098577 44.89353186985684 44.3995589010129 44.152694679048395 43.930532200448276 43.44751595548804 42.48459877586969 41.00618834496371 39.2023964745254 37.42116795211988 36.00776585214522 35.12485152738102 34.652506663304244 34.2400061834789 33.502918617346495 32.26704372049714 30.711624588028737 29.30205455923333 28.522726503047213 28.559571937861637 29.14407336706242 29.69231975356122 29.679886482713083 29.00731011840761 28.07871659973943 27.497507366674665 27.576263790890284
20.230773353656787 20.397098516898982 21.232367164065423 22.778658456697876 24.603682986743994 26.166241683657308 27.209491993956142 27.91561766195045 28.75112605110407 30.141129534154743 32.198202199007994 34.66508544066879 37.0795220989212 39.03917322850367 40.40623530182117 41.34888946318402 42.21982568945014 43.35666304244447 44.914809167714296 46.80908892793864 48.775578462717945 50.507129432674944 51.79072023350971 52.58657337478227 53.024605729468576 53.33259650283951 53.735453118905234 54.36904723552167 55.23844575376461 56.22835681557221 57.153463118835035 57.82492146038767 58.108588805091074 57.958131493488736 57.4174945526895 56.59765325391358 55.63907782138848 54.67294098088966 53.79159249849009 53.034018183842605 52.38684895552291 51.79747705380842 51.193711959583496 50.504188114570674 49.67494105645876 48.67950461697176 47.521888074422044 46.2333941165175 44.86520280225461 43.47895699737041 42.1373732291711 40.89636995237386 39.79955594610936 38.875315849306546 38.13626724474555 37.58058322718366 37.194567477921666 36.95589720471908 36.837061952595356 36.80867297336536 36.84245738030459 36.913855631565134 37.004195780522615 37.102421956417075 37.206317058426315 37.3230986713496 37.46920710957034 37.66907326310818 37.952679476848424 38.35183175128085 38.89525695227931 39.60291588899674 40.4802472386082 41.51336373269904 42.66641935477908 43.8823491165876 45.0878562275192 46.202835125979384 47.15340701255107 47.88655763950078 48.38328138782134 48.66652310431907 48.80045672426885 48.879019967076964 49.00414172350607 49.25735924410318 49.671694261409655 50.212588418359424 50.77622328410312 51.209954454466825 51.35310582297002 51.08849787908389 50.38848874182249 49.33714239206557 48.11482735098054 46.94335881774616 46.00583606265707 45.36967095752624 44.94672662890242 44.515605092073066 43.80789179620407 42.62990978768264 40.96773585902909 39.020314614734836 37.13103621704783 35.63600904439449 34.696515172745734 34.20556282025923 33.83351287742679 33.20813393649926 32.14190983613541 30.773329563293554 29.518518223941655 28.833987913233177 28.91758720296558 29.540140435200843 30.143790234250282 30.177409634054676 29.462749737332008 28.32880375173596 27.386213541990962
20.61452245608692 21.642583724263094 23.194668546386765 24.819761061612123 26.05708959414598 26.769023014914108 27.225464140192326 27.91493714877237 29.23227939645834 31.247123707557037 33.68045843018564 36.07802712301534 38.06032660520437 39.50501686070324 40.57548030805333 41.602328246630876 42.897636239295274 44.6016990605958 46.630004675325594 48.73005014368593 50.60613937298298 52.04747853682229 53.00471970411756 53.591277288935956 54.0204696623627 54.51282237600965 55.21301343844704 56.14507872770533 57.21539817824829 58.2545530044474 59.07777081227263 59.54159629630563 59.580085312015406 59.213476862726544 58.531903670118254 57.663320657576406 56.737250693535 55.8545526561211 55.069598351073 54.386686609823506 53.76863150337868 53.153057559378695 52.4712105639796 51.66475724231635 50.69755417051012 49.56113179386257 48.27419715477557 46.8775333366667 45.42618163765987 43.98079894925868 42.59973712608335 41.33286686783945 40.21761904713263 39.277250018447475 38.52101161640557 37.945733841739155 37.538289245690535 37.2784657773345 37.14188719604906 37.102748564686806 37.13624899633303 37.22068546911142 37.33921126402829 37.481260641595725 37.64360550285012 37.83095375416805 38.05594130233495 38.33833144226057 38.703239005699345 39.178261545984036 39.789538298434344 40.55696894751841 41.489088789899675 42.57837205511148 43.79795487618539 45.10085049414077 46.42258631454091 47.68776172813877 48.82029560396001 49.756173867178084 50.45649316984256 50.91779609715516 51.17643275997614 51.3042631833679 51.39459275307193 51.53970153139342 51.80422743184427 52.20118570922162 52.67854275416572 53.12309464503668 53.3845109905387 53.316257557311445 52.823249618572085 51.900943712764146 50.64979790568096 49.25441056039778 47.927959358437235 46.83685365207412 46.0324112939226 45.419721136617994 44.784446026827304 43.87675362995367 42.524722743699066 40.729336260862 38.691820761372455 36.74770791712597 35.22485798166683 34.286489425747455 33.840557027068314 33.5756474471211 33.122586435578874 32.266825563760676 31.091979712507907 29.95532175102219 29.284449145572356 29.29868126079154 29.827806244635084 30.36607642366907 30.361210659173633 29.572535801849757 28.254975683014298
21.97282967760137 23.64409916620483 25.161724375286706 26.146196954467808 26.577724515121673 26.8091339670866 27.345748195418654 28.55000015507609 30.45142857727895 32.75715732266546 35.0326802123914 36.934902112087386 38.36962376776668 39.50428103582409 40.65025751313292 42.09056015212941 43.94230621418483 46.11244815504325 48.353087356438195 50.37764651039368 51.97959059860338 53.1043391983708 53.85259858173055 54.424217964406765 55.032820739268686 55.826854979433335 56.84386964136023 58.00824144314347 59.165947317096894 60.13906458574914 60.779798016963795 61.00799072891117 60.82423943609474 60.29939754154662 59.547691695930155 58.69358587124633 57.841985243096154 57.05842442597855 56.361949311558234 55.72976127762228 55.11018398758372 54.43944182366254 53.65796415931205 52.72303865684923 51.61613259547735 50.34464845240924 48.93898666873463 47.446426400908116 45.92351447651229 44.428475016326736 43.01475797925034 41.72637233711671 40.59520739434411 39.640201930819316 38.868003517417904 38.274666153349315 37.84793969351608 37.56977646293564 37.41878539168536 37.372473234233 37.40920489014899 37.509877708244034 37.659332708738056 37.847520044933916 38.07040302948959 38.33053507321783 38.637190624145795 39.00589076710007 39.45715378197742 40.01433690309479 40.70052985352467 41.534617181723306 42.52683568449307 43.67438872819719 44.95789535544705 46.33958598726757 47.76413695842118 49.162798617932616 50.46098083063876 51.5887341676789 52.492699547371146 53.147273008280926 53.56219526932301 53.783801516201216 53.887974941642845 53.96450341659911 54.094858507727956 54.3279153434769 54.66006100019977 55.02663848589005 55.31004665876502 55.36586961270285 55.06274545065189 54.32580451744376 53.16957327177287 51.706445335920776 50.12246293353308 48.62269927217738 47.36113529133375 46.37980621216097 45.583942375524664 44.77052610402797 43.70804245497743 42.24146787751619 40.379060105143594 38.3167846465337 36.37734124265468 34.878779663659905 33.98691432648975 33.625034051210456 33.4977075046412 33.233049214533025 32.58127972069794 31.56319403045989 30.47294580164445 29.712023656865334 29.533728912149144 29.849666410856532 30.236109297332614 30.16799097963603 29.35667833374857
23.937827846404506 25.429875887748043 26.260919831585948 26.516715238011404 26.613394593190513 27.054355937316053 28.158560830558752 29.914537085736118 32.02343444152361 34.083909072467335 35.80458696383495 37.1334099416099 38.25201575311269 39.45730633305811 41.00242663574963 42.976436822549054 45.27140658176978 47.639011778417824 49.79990136135912 51.5532038937358 52.84239327716379 53.75843594123185 54.488451097493275 55.23689282864024 56.151323617832034 57.27740974978757 58.55331227278539 59.83878976778328 60.96416553612164 61.78106171815598 62.19984956255868 62.2056437972106 61.85237410498401 61.24054282844094 60.48740978323281 59.698417327471674 58.94644970180771 58.26218499361109 57.63548445971485 57.02528154937893 56.374151075550834 55.62362814682987 54.72710912921403 53.65839268318702 52.41521644377841 51.018225273240766 49.50651536575755 47.93120438825286 46.34844124243134 44.812998229418795 43.37320226371241 42.06756290992199 40.92311552568371 39.955256133979994 39.16870997718475 38.5592361873782 38.11570293890235 37.82224317427698 37.660294607814365 37.61041837364482 37.65386392446717 37.77389540182616 37.956913907780994 38.19340248825474 38.47869118783757 38.81349600671206 39.204138046405156 39.662309530627546 40.20423490273875 40.849090960376635 41.61661099463795 42.52391006881884 43.58172909801959 44.790489109644945 46.13674384777365 47.59077354792928 49.10611901351109 50.62175514002728 52.06730217196414 53.37115930889533 54.470759399294046 55.323392747924416 55.91540733981903 56.267283526508805 56.43232452344142 56.487649519298756 56.51781913404379 56.593534236064954 56.7499504007266 56.97056834357771 57.18268084797245 57.268465786522626 57.09198037118042 56.53720108215755 55.54727001211037 54.152138426839926 52.472642476854446 50.69463238437726 49.01641643282698 47.583830993679506 46.435525371398114 45.482148087445005 44.534372077394195 43.3770889130765 41.866142267270604 40.008579928472685 37.98660901939083 36.1037313653367 34.66492433486928 33.83801932165992 33.562422366740215 33.55945579501259 33.45452096884959 32.96186756265402 32.03870465188917 30.91665270690904 29.975283791468968 29.512630750365723 29.54154321517015 29.746697438822142 29.65527777318123
25.457698240911704 26.22416088283007 26.428890810823685 26.52062758780575 26.97127555246533 28.03738143412853 29.66104960000496 31.543123029011138 33.32742933292409 34.78817472994656 35.92797288948408 36.95199193498583 38.14793130016658 39.74038664481409 41.78871967004697 44.16725099742099 46.625018969515736 48.88963364171021 50.767742392535425 52.20387359062184 53.281774357958376 54.17638042030871 55.080867036274014 56.13756131826487 57.39496942754269 58.80048732638931 60.22519074944958 61.507859883411804 62.50210534811172 63.11273059910718 63.31327476309618 63.143469099761774 62.690937529522095 62.06462631194758 61.36792803831368 60.67782777076884 60.03360715062233 59.43568675845509 58.8528207228342 58.23447544929279 57.524874297161496 56.67566776217588 55.65516374537236 54.4531833039883 53.081621209982224 51.57152146226019 49.96786714581421 48.32335839609972 46.692290507503586 45.12534474095157 43.66575964164655 42.34703194256778 41.19204748970672 40.21338224551142 39.41443912572608 38.791082907059995 38.333481224133216 38.02793254222494 37.85854259054369 37.80868436877351 37.862233876462774 38.004609168126585 38.223652995546104 38.510390853245895 38.859670597169604 39.27065265620888 39.74707848628179 40.297208061463735 40.93329474514367 41.670468184253316 42.52493241909183 43.51146381459223 44.640312745939454 45.913766714049125 47.32280206582358 48.844405687171594 50.440244792203366 52.05735413817767 53.63135111887867 55.09235303293418 56.37326369063405 57.419473087127926 58.198385282559066 58.706718421715635 58.97339696426563 59.05625202279053 59.03175378295118 58.978566468486605 58.95759133084658 58.99289516708174 59.05892121687076 59.079062192583585 58.938673840078216 58.51199637426736 57.69790728917158 56.455226941232134 54.826062677712336 52.93688189147035 50.9723146722949 49.12536452103958 47.5373736223147 46.24812812170652 45.17716526164358 44.149453402357686 42.963062627758205 41.47794522540783 39.691125158323985 37.76225746889266 35.968787019640935 34.59887880653996 33.82207626439213 33.59671075686869 33.66611154403271 33.65972359608212 33.262768512328776 32.3744464282718 31.16706697857523 29.999982295495336 29.219389801487406 28.948804433295578 28.998104608617492
25.91195417328211 26.17699844113163 26.398524520340736 26.982326489643906 28.10009251363407 29.639681602932022 31.30483273060533 32.79318216098041 33.954073658524095 34.85287703914068 35.724180275402546 36.850266055961654 38.42924115111451 40.49167263770082 42.89466466887059 45.38563675376433 47.7012477341591 49.65878819832747 51.207269044365134 52.42578522343913 53.4777094858543 54.543107741706464 55.75512248712579 57.160101572615645 58.71004293266354 60.284324418010144 61.72946463035378 62.902569491624185 63.705879985139326 64.10477691306937 64.12754559534662 63.85026568113066 63.373225032653195 62.79597527397632 62.19695292549188 61.62126891032326 61.07767110941012 60.543490172938995 59.974980714234576 59.31996491809244 58.52994107839831 57.56957476100408 56.422453938039446 55.09291305669748 53.604448345272644 51.99568224664201 50.31499033853012 48.61483308139721 46.94661567006661 45.356612552248 43.88320576941599 42.55544413856307 41.39275735903819 40.40556058914002 39.59645277604645 38.96173040164318 38.492989135572586 38.178652007045116 38.00533009569062 37.95898034811201 38.025868805260664 38.19337345501841 38.45066884853294 38.78932615306423 39.20384045235057 39.69206596830848 40.25550465236843 40.899360552179864 41.63224878786732 42.465441839535686 43.41155502203785 44.482623929164426 45.68761233848276 47.029506984610954 48.50229515379162 50.08826199293752 51.75615671778467 53.4608230066 55.14482932484797 56.742437518381855 58.185899796081735 59.41359454374776 60.37896242979713 61.058694340802724 61.45829761227304 61.61318527155357 61.5839245048932 61.4452939156942 61.270249316236104 61.11153256934325 60.98506493639155 60.859938599785984 60.65928632272969 60.274312146947885 59.59044344045761 58.52056543559979 57.036755890871675 55.19023617730556 53.11060584898968 50.98031858210764 48.98807606663417 47.27327994362772 45.87978805598025 44.73779543738912 43.68581801670706 42.531216798039075 41.131392560197696 39.46515232284421 37.66156831300486 35.9658257268528 34.64621807605607 33.87496646336225 33.63475958677406 33.70065206465806 33.71889778493278 33.35883278395235 32.47140465109165 31.172629626428876 29.797267146453496 28.73156170737846 28.20476199269884
25.688143690304674 26.147969978040376 26.972882543059168 28.23012062468948 29.747265460666117 31.23337550432652 32.44476705968677 33.30948893121482 33.95707158760161 34.65171179421978 35.67055570676813 37.186392407083986 39.20324187227309 41.56418580924156 44.018986833428016 46.31787979645978 48.29352053500513 49.90367667962322 51.22579116745345 52.41266792646981 53.629940319338544 54.99823248713085 56.55727399988365 58.25927170282579 59.98869790022998 61.59848632157195 62.94989589898761 63.94476545544177 64.54313084051967 64.76436818988662 64.6745377063959 64.3654184105456 63.93154897397622 63.450718077301794 62.97141972159428 62.50852706023012 62.046444613179915 61.54764496459662 60.963904857680944 60.24764720342817 59.361366961199636 58.283926024337525 57.01332461943389 55.56623587593463 53.97504250582239 52.28332404195804 50.54074315829551 48.79813075160363 47.10333948748207 45.498184926179405 44.016567183526746 42.683691307586756 41.51619154170909 40.52291103968723 39.706083938587625 39.06269674803964 38.585856163061294 38.26604786351149 38.09222579042664 38.05271716030329 38.135961368945075 38.33111954228944 38.62859609349038 39.02050568130091 39.50110068780507 40.06714867245744 40.71821983879563 41.45681578760278 42.28824799287949 43.22016352286639 44.26162283720744 45.42166577584686 46.70736100854517 48.12142155593047 49.65957937191606 51.30803308778319 53.04139452478698 54.82163376627491 56.5985272276975 58.31201718452231 59.896672981725466 61.28810166323727 62.430716777011035 63.28580309534927 63.83841312677149 64.10142575251126 64.11521733690107 63.941936089608966 63.654348010500854 63.32053564918979 62.98713737022732 62.6649473655174 62.32112549528139 61.88161324620917 61.245440283329266 60.30960310021671 58.99970029324503 57.29850633616943 55.26333386646424 53.024374302378725 50.76059362613763 48.65655691254242 46.850978381394434 45.39320753647739 44.22455490614781 43.19566726335086 42.11956013357521 40.845578472055585 39.327866399670675 37.658755834333704 36.0465950684846 34.7380656872319 33.91037114882455 33.57790335150947 33.56006867053335 33.53645514707072 33.177280078261326 32.29670684998694 30.95521429293605 29.450923673894728 28.189172481167923
25.73313295196602 26.864294595570247 28.31826336923834 29.86286279896735 31.216792490189302 32.1970507052937 32.80769113587779 33.236232079433854 33.769798292009796 34.67589592038738 36.100969172284906 38.02482063090595 40.28125547368406 42.62842839453218 44.83656856902027 46.75976104919139 48.36961606388326 49.74545454499939 51.03103864045324 52.37694737783303 53.88880511849105 55.59609996726116 57.44745799955033 59.32944615821596 61.099866543518615 62.62423590023292 63.805465243039734 64.60045764769308 65.02186769572248 65.12723461783257 65.00023964825388 64.72966999258239 64.39102067977137 64.03405606634932 63.67769462386667 63.31179720246114 62.90416949215296 62.41046566343984 61.78465872251981 60.988167397179396 59.99639725813455 58.802173497188164 57.41616858403315 55.864874757945906 54.18691192701576 52.42851389383633 50.638945120957004 48.86642221189832 47.154901986780416 45.54189367544737 44.05728416006649 42.72304600726443 41.553630200427506 40.55682288351915 39.734857461580496 39.08560806117076 38.6037363954727 38.28171230343833 38.11067198035634 38.08111300955617 38.18344965251128 38.40846493563498 38.747698428529915 39.193801456921925 39.74087649569155 40.38479668219918 41.12347725426481 41.957046294324456 42.887841177253485 43.92014398747751 45.0595687863845 46.31203084308894 47.68226676771631 49.171936773501365 50.777424331647914 52.48754750065467 54.28149725799177 56.1274018492735 57.98195785820044 59.79154162551414 61.495095252939535 63.0288566866895 64.33267912517776 65.35729353987266 66.07147242286516 66.46774444010833 66.56519698902304 66.40809026457333 66.05955949632659 65.59059667158498 65.06567176481515 64.52755298933404 63.98479471979421 63.40561948795796 62.721223899117625 61.839765337869494 60.66961090371747 59.14738413471914 57.26377899130225 55.079018998494334 52.721059429699274 50.36347196089229 48.185879448396 46.32633101224827 44.83990470880286 43.67877314563158 42.70445304937227 41.73320192512432 40.60299061798965 39.23958880003815 37.69512101934933 36.13861694292877 34.79461886671291 33.84804509828158 33.35240881136519 33.18433965449959 33.07398240107021 32.71004981573242 31.881353131910284 30.591102159894447 29.082339864020216
26.631487204829106 28.289615516364673 29.879688698292675 31.138556625090597 31.944375263882154 32.36905046781082 32.64487356669051 33.06863377642843 33.88885971414676 35.221963198838395 37.02509656132894 39.127998450996756 41.304216591503334 43.35127940796702 45.151340581596024 46.69524748355539 48.067986623908794 49.406243553994436 50.845662107509284 52.4753888398189 54.312136455787254 56.29810348657899 58.319554537910825 60.23778960890872 61.92248002696415 63.27863565616762 64.26174137200957 64.87954132461684 65.18240082269429 65.2464049326419 65.15412252820241 64.97745357292955 64.76562000332406 64.53966926547119 64.29328290559953 63.99852132368244 63.61451890952739 63.09705119799649 62.40720675281775 61.51794512713762 60.41794423017522 59.11270523891787 57.62330882787314 55.98346987720011 54.23562564633674 52.42674742856753 50.60443278480107 48.81366001293108 47.09440676179781 45.48017775477585 43.99736773993762 42.665309997006204 41.49682529274129 40.499083641756506 39.67461207571078 39.02231628070113 38.53842412891707 38.217298425203374 38.05210028590786 38.035310984553455 38.159137809650076 38.4158384779238 38.797999561023595 39.29879820326412 39.91226432978701 40.63354395246989 41.459144721029645 42.387124580697666 43.41716585731227 44.55046346611308 45.78935093066408 47.13659544968055 48.594317010257654 50.1625290338685 51.83735956473305 53.60908946456841 55.460229847618095 57.363942287625676 59.28316439072055 61.17081890424513 62.971435004751896 64.62437864085248 66.0686683654882 67.24905492539875 68.12270083970103 68.66546927387824 68.87660030778885 68.78050824780524 68.42465781652909 67.87301612152042 67.1954131975083 66.45417115643633 65.69038030743438 64.91293357821004 64.09357672919778 63.170547174562564 62.06177260338492 60.6862459613005 58.989546727310156 56.9672618623796 54.67911228204026 52.24762081128622 49.83844138714418 47.6245867744278 45.74252398900625 44.25260314233547 43.117553714041584 42.20942310418264 41.34731406087178 40.357424683119476 39.136756471929516 37.69676458782114 36.16665492658232 34.74876165013149 33.63731054995481 32.9300087284581 32.57079411456926 32.35522632311377 32.006751708397374 31.299749944822747 30.17778587103202
28.113344175370514 29.72586670865141 30.905046732315537 31.589973167320345 31.90807318647142 32.11779662995802 32.50741876584231 33.29360793247068 34.55702027513372 36.23284959588486 38.15172022538553 40.10944303239238 41.937859212959026 43.55333805081442 44.970821846933845 46.284413915414476 47.6257629544271 49.11626743371543 50.82811243944227 52.76391903517088 54.85779702525383 56.99423892395206 59.037208835253864 60.86056397850526 62.37226631964418 63.52777113037433 64.33140592004395 64.82752033521473 65.0850968591353 65.18017458700574 65.18000737792141 65.13171679056776 65.05673930060361 64.95098624158322 64.78959373505023 64.53455718787214 64.14341412852988 63.577366589899114 62.80768390195835 61.819759624663824 60.61469800486509 59.20869991735067 57.6307705276812 55.919380078417575 54.118698295526585 52.27492744496918 50.433117163980256 48.63468954855398 46.915760928716324 45.30623302233427 43.82954755648556 42.50295481262941 41.33813304209655 40.3420050224998 39.51762227040587 38.86501932536736 38.38197418325596 38.0646421335655 37.908056278336886 37.9065075334286 38.053829566448805 38.34362017403983 38.769430659329124 39.32494961157105 40.00419795421623 40.801739123511496 41.71289282174785 42.73392428086166 43.86216509702746 45.09600867360588 46.434715857303566 47.877967554315724 49.42511409272642 51.07409847297176 52.820073774119 54.65379303299231 56.55991892915217 58.51547273536837 60.48870516924388 62.43871023268387 64.31609897601402 66.0649863384977 67.62640885773567 68.94308243637568 69.96514133060289 70.65620531314059 70.99885504176876 70.99842568195467 70.68403122441545 70.1059709666068 69.32917644919779 68.42310692303519 67.44939595307288 66.44941561516856 65.43452285342666 64.38183401527132 63.23773983482679 61.92995982853819 60.386886065738054 58.560670979689185 56.44857781969431 54.10624121502928 51.647285696708316 49.22648335673051 47.00799397117893 45.12525285092781 43.64323226582116 42.53539801298492 41.685412073633415 40.91724194341728 40.048082661805694 38.94914598688807 37.59356195617922 36.071633012394855 34.56283379532093 33.26949617919329 32.333978853686695 31.77218851261877 31.45516633320399 31.15460721302515 30.641531809975323
29.370867674953498 30.462176555328295 31.068790413775197 31.358293317941865 31.593512071829203 32.033753673419184 32.84975381318405 34.080247579908296 35.63894032279791 37.36184236325638 39.072983057509 40.64416826143016 42.03053705122883 43.27448133170102 44.481576209906095 45.78000319057793 47.27782557049627 49.03059572699403 51.026709539678954 53.19180475655246 55.408253407183544 57.54264667990765 59.47347471711589 61.11258753783165 62.41666722405792 63.387912744223456 64.06565803798809 64.51223720238254 64.7969407244407 64.98151361630144 65.10963809266782 65.2015800597047 65.25397831267696 65.2438378871197 65.13525818614758 64.88728213068862 64.46142084379633 63.82777786711264 62.96915095930182 61.882929538028456 60.58096376649605 59.08782253166256 57.43797672522482 55.67245709315458 53.835470229641196 51.97134357006647 50.12203957330806 48.32535359787481 46.61380451491671 45.01414963712336 43.54740766392172 42.22925224015711 41.0706390196933 40.07854444675849 39.256718625380316 38.60638236598224 38.1268257682089 37.8158898248441 37.67033198333571 37.686090760592165 37.85847338317752 38.18229439760655 38.65199281001406 39.26175115513902 40.005632530413095 40.877741631640546 41.87240383316718 42.98434318588395 44.208826973902305 45.541732681126526 46.97948481497832 48.51880634739664 50.15623510391024 51.88737167182518 53.70585407963643 55.60209608791533 57.561878835221655 59.56494543070495 61.58380722527235 63.58301793865253 65.519193909479 67.34204073588558 68.99657534029686 70.42660010321015 71.57929368438235 72.41054646879826 72.89041838497191 73.00788042211235 72.77387777454771 72.22178414915926 71.40455374908515 70.38834059662298 69.24301725207042 68.0307987840466 66.7949124622754 65.55075127214029 64.28200137828054 62.943676370234684 61.47277187302923 59.80549133373169 57.89800801046663 55.74602039603522 53.39751966500879 50.95374161821198 48.55547875173152 46.3555853466845 44.48287554760568 43.00646246704777 41.911471745914206 41.095781156313265 40.39255628697814 39.61563836297713 38.61636433975143 37.33414328501578 35.82205693216785 34.23463985524448 32.777202981517746 31.631130153970773 30.881844811665097 30.479636363894038 30.25460522159077
29.800003036195374 30.359593987410832 30.689027309088587 31.0329309275702 31.601975603637854 32.5085931110427 33.74513227948922 35.20522578464553 36.734578804243256 38.1900766759526 39.48700710273568 40.62134900752754 41.66395211600631 42.73240713710186 43.951961285708904 45.41804595076423 47.17042030076978 49.184119549783105 51.37713125990718 53.630510358658334 55.81434926107683 57.81280175147165 59.542809083190875 60.96357009707548 62.076359047487514 62.916402521659656 63.53981822241693 64.00900646688386 64.37950339943069 64.69041684354274 64.95947213842017 65.18265972898259 65.33768075717404 65.38991819866766 65.29952070430026 65.02831475042393 64.54556645770204 63.83200024317305 62.881863582226686 61.703146110640645 60.31628488998868 58.75180815356665 57.047397804298406 55.244807900881696 53.386988095164774 51.515652149116676 49.66942248056971 47.88258634308749 46.184425749149206 44.59903428175005 43.145508208215006 41.83839299629635 40.68827443277832 39.70242090661492 38.88540544358867 38.239659105986775 37.765928796908966 37.46363072989257 37.33110505996755 37.36578724473368 37.564317818944886 37.922614822535735 38.43593257351343 39.09892724825123 39.90574419024849 40.85013434669152 41.925598087845415 43.1255443681568 44.44344242242649 45.87293294017425 47.40785727207412 49.04215840147638 50.76960814467442 52.5833233860151 54.47505191701874 56.43423673075809 58.44690624973466 60.494484890581504 62.55266914420273 64.59056182513088 66.57029158181251 68.44735456563646 70.1718883804985 71.69101510106192 72.95226529524885 73.90792204892404 74.51991786497013 74.76470617785837 74.63735403836328 74.15401308778266 73.351972949775 72.28672429206986 71.02587216673167 69.64031798816035 68.19379472799396 66.73246768554544 65.2767376172479 63.81743068063848 62.31809348946366 60.72408412466461 58.977652262440046 57.036490126394725 54.891718841116095 52.580443856435274 50.18832145749147 47.839281064187325 45.67254679122179 43.81085017013445 42.327255044616564 41.22012025394921 40.40530726256182 39.731237731629086 39.01618429476821 38.09969669050208 36.89368350979468 35.4160167331855 33.79254503729783 32.2223464115972 30.913857355585304 30.011966054317067 29.54304296730004
29.486163666211997 29.91135819349354 30.429048811927693 31.185367875755908 32.22658203163469 33.49799824822676 34.87677243712061 36.222870733819335 37.42924380163243 38.45562396541488 39.33788486228127 40.173471927287515 41.090254687393056 42.209630685975235 43.61453116977681 45.32994959230025 47.31914957242222 49.49428684511209 51.73692451144899 53.92239413775473 55.942152104798 57.719775070711286 59.218396738119665 60.439575629222 61.41531460293045 62.195963345717246 62.836983072151284 63.38716791994406 63.88012708032349 64.3298857042549 64.73057661996515 65.05951627260362 65.28255652198578 65.36047929966787 65.2553044161128 64.93563653448243 64.38050484211142 63.58147805470454 62.543117257623756 61.28203102633857 59.8249127864269 58.20597646963228 56.46417989006308 54.64055677834379 52.77588871520554 50.90885475824151 49.074712118177494 47.304493561356296 45.624659546196455 44.057115195033525 42.61949146584943 41.325592476399656 40.18592264556134 39.208224235881296 38.397974756205116 37.75881209322488 37.29287159474759 37.001032756147424 36.883083353782894 36.937815894134985 37.16307538973317 37.55577909994307 38.11192834326702 38.82663009294704 39.69414203050389 40.707949222182116 41.86087376980258 43.14521090783313 44.55287645886552 46.07554193269269 47.704725758970675 49.431803390848536 51.24789679898168 53.14360685857288 55.10856195742059 57.13077413324316 59.195820770949275 61.285904754045745 63.37888671347293 65.4474253668007 67.45839942088152 69.37280867982254 71.14635317193488 72.73085770476182 74.0766377911445 75.13578846757758 75.86622452827932 76.23612310010056 76.22824207647267 75.84344558616469 75.10270187282278 74.04687110523382 72.73380232800857 71.23262012910715 69.61557987736745 67.94844195609986 66.28085520441067 64.63861152599095 63.01969324426528 61.3956658381129 59.719125036528105 57.93665308050484 56.00527279977367 53.90903614222881 51.67155103658592 49.36032811190792 47.08006868629336 44.95440082415059 43.098725248352274 41.59001822868935 40.44167064536394 39.591742330162134 38.91074378787433 38.230271527346225 37.38745751978411 36.274024580185646 34.87498899590415 33.28268170087088 31.67763181559777 30.27805490232896 29.271348614929693
29.0738509355143 29.806411544108926 30.77972588906851 31.972716452385257 33.28830206587715 34.593749328845966 35.76839803868932 36.74303440877271 37.520119464875926 38.17133387440552 38.81588869677071 39.5878274302879 40.602218540866815 41.928880093190514 43.579019380194964 45.50616368260542 47.61916707228251 49.802695379905536 51.939729028360034 53.93115470955597 55.70901765513523 57.24193102429616 58.53297850876353 59.611833749425955 60.523575097672804 61.316792524824585 62.03319131505677 62.70019007455958 63.32719506368218 63.9054826164065 64.41105283124931 64.80948378947161 65.0617138474773 65.12976829540966 64.9816633520168 64.59499856062827 63.95903005268707 63.07525931331349 61.956750362332826 60.626494500654644 59.115180664504784 57.45871396295101 55.69577198753465 53.86561505278497 52.00628746306522 50.15327338356563 48.33861007070719 46.590416513370876 44.93276737371938 43.38582881423007 41.96617145646832 40.68718297068827 39.55951537134127 38.591517174059 37.789615971300705 37.15863119668164 36.702008976618444 36.421980615841036 36.31965339457106 36.3950471581315 36.64709294935528 37.0736109813384 37.6712848397799 38.43564713342667 39.36108899469107 40.44090193183569 41.66735559582216 43.03180913513666 44.52484715891167 46.136424266305156 47.85599520264193 49.67260179950303 51.57488403120511 53.550982064129094 55.588300470168576 57.6731161056691 59.790028441970954 61.92127559227298 64.04597005900293 66.13934304601406 68.17212107574083 70.11018791588235 71.91470126236405 73.5428292516503 74.9492390632059 76.08840302999201 76.9176852629112 77.4010384405986 77.51298866934324 77.242437475381 76.59569332442405 75.59809486376201 74.29363819863224 72.74219653067311 71.01423041524806 69.18331208755706 67.31727606850743 65.46927512748245 63.670354168559484 61.92523514489851 60.21273367807665 58.49155601532643 56.71119284340827 54.826381722487284 52.812406978224175 50.67767349853563 48.469863811572225 46.272810230996804 44.193033357155386 42.33748185911669 40.78681766978488 39.57084771435333 38.65356238771313 37.93404601145372 37.26609334597023 36.49420927809006 35.49803443679318 34.232904306627795 32.75303847264852 31.20698218668716 29.80233864223931
29.21177252613225 30.39851641815458 31.728921347550557 33.07393341167855 34.30051339365472 35.31287055148424 36.079849943014054 36.64230895197881 37.10074217791854 37.588668413423854 38.24017218292661 39.160195378812446 40.40417911519818 41.97040588872033 43.80494082780226 45.816286182500015 47.895256388870585 49.935269029950106 51.84902202558221 53.57898605775648 55.10082552476961 56.42037415547999 57.565867372336946 58.577661093046274 59.49767133041293 60.36037175915568 61.18655458539638 61.980362059152256 62.72946917949072 63.4078317523001 63.98014602458994 64.4070909627991 64.65050568469428 64.67784067610296 64.46545770205537 64.00059227972628 63.281999344383685 62.31945683630258 61.1323962180568 59.747966721820525 58.198831627581534 56.520953644754506 54.75156650854327 52.92746357931078 51.08367111589257 49.25252033940359 47.463091725695676 45.740977956656 44.10829758934453 42.58388761047337 41.18360696964683 39.920692238974645 38.806118336207675 37.8489298554098 37.0565205910197 36.4348494465305 35.98858964917935 35.72121493676659 35.635031251269275 35.73116569553445 36.00952635189576 36.46874727202425 37.10613271479242 37.917613648710336 38.89772769188597 40.03963102738959 41.335147376504096 42.77485482848288 44.34820627366064 46.04367354638164 47.84889949981888 49.75083665175582 51.73584652022125 53.78973127197109 55.89766993802775 58.0440363412753 60.212086022322126 62.38351546090423 64.53791874302074 66.65219354922935 68.69997776027462 70.6512265367546 72.47206249894232 74.12504257180176 75.56997762834433 76.76540921342506 77.67078716467306 78.24930214577829 78.47121237611944 78.31737505377478 77.78256803911208 76.8780905466216 75.63309106458206 74.09411422459466 72.32250697323542 70.38958524179269 68.36982119020685 66.33272733136944 64.33451924490947 62.41094296566813 60.572757607749395 58.805181931042924 57.0720978807879 55.32497286953947 53.51541928636226 51.60924693297948 49.599043130685914 47.51201836457654 45.41031316737357 43.38226870706531 41.52520173896441 39.92262730288269 38.621050669127506 37.61270099929259 36.83027242778903 36.15754320628433 35.455836548175355 34.60145541964739 33.524791750615435 32.23934630525877 30.84973017826044
30.06205122565966 31.484868514969946 32.82178249861835 33.95105591964682 34.80690186729008 35.39459475939051 35.78660326018789 36.102865714358806 36.481840798066656 37.05021751604463 37.89828144167246 39.06554489212847 40.53822723163421 42.257349401904776 44.134184673932694 46.068867659740235 47.96808111189424 49.75866408540458 51.395350206817405 52.86227911074105 54.16912976718082 55.34352087249435 56.42165400978235 57.439086229948295 58.42312343353462 59.38776553541915 60.331543954528456 61.23807749210507 62.0787999721378 62.817107199247296 63.413123082885704 63.828363426495606 64.02973777286425 63.99253049293909 63.70220377367267 63.15503933517853 62.35776616558127 61.32640251539728 60.08457443105397 58.66156837141161 57.090342865086754 55.405675118326464 53.64256316542543 51.83495058722159 50.01479448557696 48.211461313187925 46.45141026353495 44.758109623033945 43.15212618192537 41.651329404803086 40.27115839372743 39.024908738902724 37.9240064963641 36.978246531046416 36.19598150579316 35.584255437217685 35.148881822294754 34.89447091393849 34.82441396142676 34.94083435740257 35.24451687132925 35.734826685086624 36.409629905077125 37.26522666463829 38.29630684655212 39.49593679750691 40.855583102032035 42.36517646942811 44.01321504556815 45.786902057964554 47.67230782443449 49.65454114396812 51.71791045836475 53.84605161661899 56.02199743381942 58.22816544555719 60.446245237145 62.65697623072891 64.83982124308302 66.97256030361814 69.03085215835914 70.98783558859732 72.81386603345081 74.47650083539324 75.94085371119657 77.17043046654452 78.12852871511994 78.78023124103534 79.09494536622203 79.04934315534287 78.63044863885771 77.83851323473412 76.6892390505924 75.21487477598907 73.46374321442319 71.49788085790443 69.38868509909621 67.21076386654939 65.03453476602999 62.91847300345647 60.90218746421469 59.00163113674666 57.20765094288074 55.48870529550945 53.79792629335546 52.083844432483716 50.303166914528035 48.43320824638193 46.48114666502725 44.48743304297301 42.521533794582794 40.669716965398656 39.01656638777461 37.623911981985344 36.51233904417237 35.65081893608944 34.958882617069065 34.323073195996535 33.625571794910144 32.77878718637961 31.75656955463178
31.23022566487868 32.50549557129659 33.51151407527337 34.216039336535474 34.656839558880606 34.929012903611635 35.16095063523439 35.48577115368369 36.015027857016996 36.819915070592884 37.92273429580067 39.298770448431206 40.88657170616712 42.60329799561458 44.36140921209166 46.083388267913605 47.71217517454336 49.216212353862986 50.58917908413138 51.845412782510465 53.012565076241664 54.123205892160556 55.206928030754824 56.284120839276476 57.3620912556054 58.433719397985655 59.478423230872615 60.46491881587173 61.35511355012269 62.10844833593002 62.686082820675274 63.05446002401694 63.18795714762953 63.07049786949118 62.69614607683337 62.06880910283271 61.20124579546291 60.11360342771137 58.8317041791983 57.38527549933819 55.806278310138374 54.12744101499763 52.381062245645374 50.59810579119669 48.80757983605401 47.03617042940558 45.30808568147819 43.645061347551 42.06647858880454 40.58954903391207 39.229529161704804 37.99993409433518 36.91272906868899 35.97848441308625 35.20648637209887 34.60480141857654 34.18029577573451 33.93861486840907 33.88412951630968 34.019857071148934 34.34736655982709 34.86667735869084 35.57616106438254 36.47245606187948 37.55040378489603 38.803014743651644 40.22147096526881 41.79516946049755 43.51180863415012 45.357516191043146 47.31701313772205 49.373804141159646 51.51038011355387 53.708414928349676 55.94893525777461 58.212441388125285 60.478958299203235 62.72800103144256 64.9384469829679 67.08832052681008 69.1545119584768 71.11247233671291 72.93594649996488 74.59682576546854 76.0652160398403 77.3098221607841 78.29874093355328 79.00072968573573 79.38697175550543 79.43329503290128 79.1227177489579 78.44810459225326 77.41462787919376 76.04165895444996 74.3636829405142 72.42985412018439 70.30190466802354 68.05029299719598 65.74872369808789 63.46746645166975 61.26620593454608 59.1874121266567 57.251364662653366 55.45393194761816 53.76794907098199 52.14854606751609 50.54208759337366 48.89759267553072 47.1787597342271 45.37421405356786 43.50350843570787 41.61687961210055 39.78782701066298 38.099124317669684 36.62462241942685 35.41074127545618 34.46240198106088 33.73790087624658 33.155660019356446 32.613020499929476 32.013794717851006
32.10314081774446 32.96136468498205 33.52446604348552 33.85606417911771 34.06313177447743 34.27085197335096 34.596977968395166 35.13101239057298 35.92163626780095 36.973552823829635 38.25283076870579 39.69833310242733 41.23608714975965 42.79347448695158 44.310730731599364 45.74820057123116 47.08883808962185 48.336364147738585 49.51015215937027 50.63825312776175 51.750003709845224 52.86945142666302 54.01046912450249 55.17401008496134 56.34755592515936 57.506488295009426 58.616902448134994 59.63928177209583 60.53245434959387 61.25733100866172 61.780049826885474 62.07429635903889 62.12270846660306 61.917392899292466 61.45966833691079 60.75920357487704 59.83274210460115 58.702600992316384 57.39510983830171 55.93912210719979 54.36469292596208 52.701979877008455 50.98039011431772 49.227970487326495 47.47101811528628 45.733876821157274 44.03887911776292 42.40639276175541 40.854933847467606 39.40131366181798 38.06079291003468 36.84722354852884 35.773164691264085 34.84996450335438 34.08780448307089 33.49570604274979 33.081501919881724 32.85177683219719 32.81178310611685 32.965337918185455 33.31470942470965 33.86049950254619 34.601531121309016 35.534748503214345 36.655138148008106 37.95567842154291 39.42732462419111 41.05903516507121 42.8378425844781 44.74897064478033 46.77599556714289 48.90104583032624 51.10503097487727 53.36788589444791 55.668813588866165 57.98650685272853 60.29932850872919 62.585431221170445 64.82280224094741 66.98922607557661 69.06216919284861 71.01860516968983 72.83481533753441 74.48621742847621 75.94729075310661 77.19167813979456 78.19254886177279 78.92329957783086 79.35864882751136 79.47614286053425 79.25803643683867 78.69344427820543 77.78058296567295 76.528848733377 74.96041659230035 73.11101556852044 71.029548920926 68.77629987983012 66.41959962402342 64.03103217530408 61.67949519325488 59.42469649453017 57.31090018537027 55.361890946971926 53.578146229789425 51.93704982853201 50.396625786857 48.90273432930858 47.39901231127044 45.83816678226215 44.192685456472645 42.46276952151454 40.67945839863087 38.901575997317224 37.206254467364445 35.67422750424103 34.372547851870586 33.33850168019544 32.56888355808474 32.01817210675743 31.60742847371286
32.29497164996178 32.73720260816012 33.00407106031847 33.20260668160451 33.443577673123094 33.82082496865294 34.39680401043967 35.19611026919277 36.20689391855854 37.38857496243034 38.683372793459576 40.02891420414919 41.36949230404696 42.6642384792598 43.89133138752418 45.04820815431689 46.148419284317384 47.216199560419696 48.27999381357548 49.36611019535404 50.4934374682684 51.669832642700726 52.89043358847572 54.13783622732469 55.383835745127755 56.592283316804014 57.72255347264752 58.73313869226136 59.5849657719694 60.24413924648784 60.68393857066511 60.88601009115005 60.84078983272535 60.54726223682835 60.0122016313087 59.24905957214203 58.27665690769395 57.11782027013313 55.79807461683738 54.344471723276904 52.78460339440358 51.145820591137614 49.45465741573725 47.73644265845233 46.01507124968334 44.31290279633928 42.65075339886064 41.04794902223788 39.52241274461501 38.09076328498737 36.768407566105125 35.5696151607009 34.50756696034598 33.5943741310617 32.841066347872314 32.25755049648823 31.852542616262618 31.6334769811198 31.60639701955004 31.775833385737585 32.14467500315075 32.71403936147888 33.48314876813669 34.449219607859604 35.60737188555405 36.95056633029463 38.46957601884105 40.152998729455135 41.98731496725651 43.95699474490291 46.044653735926936 48.23125638349291 50.49636006339068 52.81839067612189 55.17493638608703 57.54304303950853 59.899492562776594 62.22104490872281 64.48462542500033 66.66744334938048 68.7470338253182 70.70122545977641 72.5080477347577 74.14560679040417 75.59197293505689 76.8251368510214 77.82310147885977 78.56418023648206 79.02756673316415 79.19422396821894 79.04811051193163 78.57771717472838 77.77783208698382 76.65138943538147 75.2111946742556 73.48126687281247 71.4975089409987 69.3074213157455 66.96862527217213 64.54606518131563 62.107914580247424 59.720409057236445 57.44204862985359 55.317821236641244 53.374256116348434 51.616176627365384 50.02594638698193 48.565764992602475 47.1831696699614 45.81937044844759 44.41946015910436 42.943002173070674 41.373134905560384 39.722267320708134 38.03276603472932 36.371778620486374 34.82043296877615 33.45892769177424 32.35021934594196 31.52580332075556 30.977179863622137
31.88127847047746 32.13471343163161 32.379985752039445 32.70394902195175 33.170611583257816 33.81319762876521 34.63308343060151 35.604649754170595 36.684168270617974 37.82044575059879 38.96504793123101 40.0803934015108 41.14468373298299 42.15335587484838 43.117372700734464 44.059120325624335 45.006919807643484 45.989193952010424 47.02919700461336 48.14097323645535 49.326920515854106 50.57705056785548 51.86979860297556 53.17406485342446 54.4520770751689 55.662641276516396 56.76438413346294 57.71866660684476 58.49194530645675 59.05745932046269 59.396212472919906 59.4972956838474 59.35764704561168 58.98137786487794 58.37880347180442 57.565312006349565 56.56018736047766 55.38547868639807 54.064982529933076 52.6233780060165 51.08553280665866 49.475979571821526 47.81854878711699 46.13613578525273 44.45057506652173 42.782594210653976 41.15182122696766 39.576822406725064 38.07515183236333 36.66339804609558 35.357217536168804 34.17134837531707 33.11960039631717 32.2148206804724 31.468834914476233 30.892366439309438 30.49493569669751 30.284743402826457 30.26854126120616 30.45149445821268 30.837040626242818 31.426750436768067 32.22019549110398 33.21482967134651 34.4058905320096 35.78632756860099 37.34676419460114 39.07549989201766 40.95855817946557 42.97978469158411 45.12099774264229 47.36219125869382 49.681786967814574 52.05692936710368 54.463813445765176 56.8780317234231 59.27492422531548 61.62991298595316 63.918802009558156 66.1180247719272 68.20482471444083 70.15736001395483 71.95473225562353 73.5769492340848 75.00484433001657 76.21998768853275 77.20463624684625 77.94177859531085 78.41533449373205 78.61056531497495 78.51473870277901 78.11806691076367 77.41490335289525 76.40513715544849 75.0956742701773 73.50184152916249 71.64850459419094 69.5706614584761 67.31327008203965 64.93010117917855 62.48148168571591 60.030912638274785 57.64070166902629 55.36693101003606 53.25426367914296 51.33124234851668 49.606821583626534 48.068859764892714 46.68515521594412 45.40733133484742 44.177471371708926 42.936917653916225 41.63615494643982 40.24428917653193 38.75641658445453 37.197248946063695 35.61977579632471 34.09850101849045 32.7178056957199 31.55709537973965 30.675354709414023
31.30078411724737 31.64198684318999 32.08554092320747 32.6632475279591 33.380262976486144 34.21825179333865 35.14231217581298 36.1098306064506 37.079404472720356 38.018283261357354 38.90729698628547 39.74283277179478 40.53597155956087 41.30932443307062 42.092369046553465 42.91617513485649 43.80834708045189 44.78884216412864 45.86709365233243 47.040624282478916 48.29511528164928 49.60572394009221 50.939331327613594 52.257352039764996 53.518742370653385 54.68288918569322 55.71213396857528 56.57377038160213 57.24143674626204 57.69589787830354 57.92526798214731 57.92476539669491 57.696111160833134 57.2466888401388 56.58857618430907 55.73754377431273 54.712095570939326 53.532604407349204 52.22057449055916 50.798044628945235 49.28713118350866 47.70969901504017 46.08714184283729 44.44024998252348 42.789142737477505 41.153244055563526 39.551282726295966 38.00130176302337 36.52066518940902 35.12605386152598 33.83344496769195 32.658072333521424 31.614366588207798 30.71587565723242 29.975167019201244 29.40371380695927 29.01176725836071 28.808218335291876 28.800451618408047 28.994194913244215 29.39336840722549 29.99993770470758 30.813775619386487 31.832538176514923 33.051560806938916 34.46378112087844 36.059694841699844 37.827351365866576 39.752394906974565 41.818156205138315 44.005798287007 46.29451772848323 48.66180032696125 51.08372711005155 53.53532333059123 55.990939724921866 58.424652109082984 60.810662680158764 63.12368454610637 65.33929041588149 67.43420741716184 69.38654298603997 71.17593189053459 72.78360172782504 74.19236345053163 75.38654410491476 76.35189013452461 77.07548009198597 77.54569386178927 77.75228974932514 77.686639187134 77.34215966591823 76.71496860466931 75.80475384780574 74.61582112850404 73.15823749501118 71.44894641151791 69.51269079105751 67.38255180247441 65.09990190887866 62.71358797692417 60.278210521881185 57.85145099241663 55.4905182314211 53.247929263948734 51.166992625128394 49.2775020422223 47.59224694298918 46.10497496249388 44.7903748317756 43.60646984222134 42.49952255869252 41.4111719406419 40.28709975986241 39.086121693064236 37.78830244475884 36.40058877621514 34.9586089946603 33.523736320042865 32.17523656844507 30.998232083467627
31.04131964897052 31.622474156686316 32.31229636344261 33.092426007445894 33.93069314577982 34.78868033841133 35.629472162789966 36.42425984417449 37.15687121298079 37.82577708017507 38.443589932748644 39.034448458865555 39.62993045903569 40.26424534279733 40.96943820689151 41.77121958478225 42.685855588906676 43.71835007490187 44.86195615420721 46.09889270174661 47.40202633930314 48.73721518896312 50.065994261857846 51.34830512381215 52.54502305180854 53.62010119521936 54.54222225405417 55.28591499573484 55.832149336062955 56.16846621177117 56.28872599020381 56.19257251765902 55.88471122651903 55.37409184485236 54.673072235671754 53.796622616894446 52.7616113248771 51.58619626171115 50.28933148046487 48.89038671708376 47.4088692967535 45.86423258263378 44.27575260229715 42.66245414689245 41.043068904926685 39.43601050135723 37.85935416562199 36.33081174643216 34.86769562918602 33.48686759943426 32.204670730618105 31.03684392960309 29.99841987971478 29.103607846994965 28.36566325191 27.79674615380975 27.407770943096683 27.208249667908625 27.206131601571848 27.407641926060165 27.81712278420669 28.436880435693094 29.267042813710518 30.305432376356514 31.547459719006618 32.98604388856171 34.611565637373424 36.41185989096058 38.372253399805636 40.47565283183268 42.70268738585061 45.03190833904321 47.44004578745525 49.902320240873394 52.392803782015214 54.88482233461274 57.35138739843328 59.76564264469782 62.101308309438345 64.33310469194879 66.43713558703602 68.39121346058855 70.17511086975385 71.77072718435787 73.16216609053589 74.33572746038935 75.27982652290568 75.9848631713815 76.44307371279822 76.64840517258689 76.59645699464122 76.28453513314687 75.71185773589023 74.87993881355713 73.79315601502653 72.45948129599988 70.89132041603132 69.10637167343194 67.12838028787056 64.98763776590462 62.72106162737713 60.371696322327665 57.98750644465091 55.619391793235124 53.31844042297817 51.132545997249686 49.10263956547711 47.2589078985551 45.61747057672375 44.17804328597531 42.92310290057239 41.8189733700253 40.819062321529195 39.8692031195515 38.91472016251943 37.90847948185208 36.8188714841791 35.636466543796416 34.37805392325595 33.086970750644554 31.82906923528962
31.33910847283066 32.11973630526648 32.93289181930603 33.740059421247864 34.50557423349443 35.20245980251464 35.81643115628667 36.347673919061336 36.81039638972538 37.23047170862857 37.641706259310865 38.08137598047931 38.58567154446719 39.185607547671715 39.90380863602671 40.75241711545811 41.73219922252562 42.83278183177125 44.033841358609735 45.306997832570815 46.618138924280004 47.929905643085895 49.20410506517396 50.40386621656245 51.49541382326715 52.44939308415743 53.24173088362358 53.85406104106699 54.27377142447932 54.49374888466615 54.51190513156411 54.33056484040516 53.95578881204733 53.39669233685214 52.664804231070804 51.77349715601781 50.737506161181756 49.572540810656236 48.294987225911726 46.9216900173617 45.46980022243108 43.95667367768016 42.39980428596486 40.81677792382723 39.225234816547314 37.64283069120654 36.08718958018329 34.57584355085837 33.126156725985105 31.755232650648654 30.47980533443669 29.316115176486235 28.279771523890926 27.385603897033338 26.647504022860183 26.078260831447473 25.689390566307853 25.490964195172094 25.49143442926213 25.697464891076535 26.11376432067372 26.74292916771942 27.585298453925095 28.63882536598918 29.89897059846402 31.35862294531732 33.00805296841026 34.8349056784827 36.824237979497475 38.958606087470166 41.21820718991758 43.58107822993274 46.023352872141714 48.51957545907645 51.04306815381984 53.5663445855922 56.06156030848247 58.500987430685264 60.85749809161012 63.105039307238684 65.21908033904819 67.17701343886847 68.95848982944477 70.54567529594819 71.92341390117792 73.0792940909637 74.00361866486257 74.68928840181152 75.13161799255833 75.32811156646925 75.27823253734697 74.98320760809585 74.44590637751627 73.67083495093472 72.66427335490884 71.43457189088801 69.99260094783143 68.3523231598875 66.5314280430012 64.55194031354317 62.44068790043659 60.229498871776336 57.954993077140855 55.65784888683262 53.381461444172444 51.16996766789318 49.06569310989876 47.10617110664197 45.32098563754975 43.72878205767857 42.334857484883685 41.12976700576728 40.08934653100071 39.17644663999608 38.3444914254368 37.54273158282413 36.722775415028764 35.84569296736983 34.888746677470415 33.85066181417669 32.75436319052873
32.06832745733642 32.86921301693724 33.60505975649699 34.248709501155226 34.78626380507818 35.21854948879704 35.560577165739204 35.839279601043465 36.08999920005775 36.3522839128116 36.665553694767524 37.06513167064031 37.57901776793216 38.225641930007406 39.012691183025275 39.93697741699432 40.98521259242774 42.13549111549054 43.35924597594143 44.623442452842 45.892794602861784 47.13182787965583 48.30665849233853 49.38640967782309 50.34423147273447 51.15792998706067 51.810242401463434 52.28881419167985 52.58594585425836 52.69817892263139 52.625787063145395 52.372229455855745 51.94361237092095 51.348192502793786 50.59594355269175 49.69819672216937 48.667356805184184 47.516688730751476 46.26016473938893 44.91235970586649 43.48838115245239 42.003820867561025 40.47471637347985 38.91751241279369 37.349014831157355 35.78633146965772 34.24679675474477 32.74787846379918 31.30706658418142 29.941745256026 28.669049514734418 27.505708975300625 26.467880790761726 25.57097424197094 24.829469246228015 24.256730973017273 23.864822681338378 23.6643188875584 23.664121064127702 23.8712782721609 24.290815444716408 24.92557244886107 25.776057536910738 26.84031931300476 28.113841843328224 29.58946797234792 31.257356213943254 33.104976703818856 35.117151567958025 37.27614462617703 39.561804564581 41.95176454441555 44.42169965465807 46.94564167215423 49.496348304042996 52.045721521250925 54.56526685053591 57.026582710909814 59.40186622507529 61.66441960212257 63.78913938871552 65.7529698463135 67.5353016504262 69.1182982197832 70.48713441855465 71.63013621330512 72.53881509191336 73.20779752607764 73.63465719974117 73.81966569043202 73.76548517251354 73.47683375157737 72.96015935868253 72.223360790673 71.27559356043537 70.12719293690269 68.78973639965979 67.27625262106588 65.6015645063002 63.7827309541528 61.83952780977936 59.79488569712242 57.67518442998591 55.510294294093235 53.33325745017664 51.179521256570425 49.085671455475556 47.087666985934796 45.21864716625065 43.506460555677776 41.97114418822442 40.62265044965231 39.459163127228365 38.46635030551075 37.61785795952358 36.87724704873944 36.20141869932827 35.54536637517118 34.86786143725631 34.137450500827754 33.33795909354739
32.85200131047056 33.47479292213792 33.97082801987392 34.34064322149076 34.59909526767153 34.773136719352934 34.89847339607195 35.01559840180458 35.16569623020693 35.386851576069766 35.7108991040288 36.16113175940322 36.7509639407186 37.48353625808801 38.352160528451634 39.34144235279697 40.42888515408303 41.58677166994017 42.78413204305892 43.98863605084378 45.1682845823609 46.29281656109365 47.33478742238427 48.27031048970182 49.07948093659878 49.74652244459525 50.25970914426432 50.61112068443325 50.796287534113965 50.813778357708465 50.664773039490505 50.3526550858394 49.88264691107603 49.26150185687981 48.49725836549189 47.59905491409585 46.576999279081136 45.44208240437444 44.20612543136015 42.881748055660054 41.4823470113141 40.022074841162926 38.515810908290796 36.97911858967513 35.42818457014056 33.87973797456733 32.35094864175201 30.859305102553584 29.422473764436695 28.058141440645276 26.783843732874505 25.6167819328427 24.57363110852492 23.670341943699206 22.921938759874514 22.34231601566732 21.944035489212013 21.73812633280689 21.733890263364614 21.938714324042408 22.357893917700927 22.994469157518786 23.849077980764385 24.919829896583092 26.20220464861975 27.688980423444562 29.37019647707168 31.233155133398817 33.26246797983559 35.440150700054126 37.745770302051085 40.15664749261211 42.648115602347 45.19383578240056 47.76616619991643 50.336580703726696 52.876129989947174 55.355935771144644 57.74770597010423 60.024256670449816 62.160024630061606 64.13155277909665 65.91793046386788 67.50117043222022 68.86650583250731 70.00259292364802 70.90160881690282 71.55923836364411 71.97455014647247 72.14976819371587 72.08995317066561 71.80261393390383 71.29727688259352 70.58504582478012 69.67818836527685 68.58978538468233 67.33347736511752 65.92333464783222 64.37386797882449 62.70018109540451 60.91824929938936 59.04528817993749 57.10015670364842 55.10372113553347 53.079093456114144 51.0516530379869 49.04876611647827 47.09913621056664 45.23175119979657 43.47443870963255 41.85209822075896 40.38474098908194 39.085530199812936 37.95906456630722 37.00017844211317 36.1935301699919 35.514209364487165 34.92950837749308 34.401874293061105 33.89289371978934 33.367979851405266
33.29410429350489 33.627732012662 33.83360397286198 33.93780103407444 33.975182131363226 33.98568632303567 34.01052908206476 34.08866818393453 34.25382972711014 34.53228446229558 34.94146262510959 35.48940307599035 36.17495754450442 36.98861739815082 37.91379962786893 38.92841907937284 40.006581943470735 41.12025668962935 42.24080819649784 43.34031425803426 44.392617033472526 45.37409236130885 46.26414514280478 47.04545812737307 47.70403412425859 48.22907828927597 48.61276851141793 48.84995913749671 48.93785751169086 48.87570523015826 48.66448765423237 48.30668694168244 47.80608628610551 47.167626629301196 46.39731206462384 45.50215654891791 44.490162324578655 43.37031946656081 42.152615999399245 40.84804883770699 39.46862715016097 38.02736140930044 36.53823317553654 35.01614241909757 33.47683079371048 31.936780664979636 30.413090824068174 28.92333067243608 27.485375258422714 26.11722391069103 24.836805387169946 23.661772486852612 22.609289002434036 21.695811768723424 20.936870424596908 20.346847387987513 19.938760469601828 19.724050539392884 19.7123767200859 19.911421716313388 20.32671009083362 20.961442558518616 21.81634966533268 22.889568528283647 24.17654660272806 25.669976680195756 27.359767464308526 29.23305408363974 31.27425273768465 33.46516329697765 35.785123057347064 38.211213955952175 40.71852437891638 43.28046522714865 45.869138175472756 48.45575209687981 51.01108148574617 53.50595847957303 55.91178784704311 58.20107219819931 60.34793281250071 62.328610014504946 64.12192610052831 65.70969357395528 67.07705200930232 68.21271833893455 69.10913780925223 69.76252630560424 70.17279915831887 70.34338680693247 70.28094362719416 69.99496254120818 69.49731437338367 68.8017368398368 67.92330305427426 66.87790294270994 65.6817724180936 64.35110405036697 62.90176885577065 61.34917147227964 59.7082503854456 57.993621342907716 56.219846353086155 54.40179383246489 52.555039095096525 50.69624038229263 48.843416171438854 47.016046796863655 45.234929469732336 43.52173207091496 41.89821818921208 40.38515311664409 39.00094567919849 37.760129953153935 36.67183849637038 35.73845773700813 34.95467886906755 34.307156430132885 33.774955483388105 33.330903556864435 32.94386591764841
33.18701188280152 33.24862501270953 33.2311728382343 33.172695489377176 33.11275491738476 33.08925061807296 33.13572831344728 33.27933860206577 33.53951845623173 33.927392697114186 34.445831060614964 35.09005233213803 35.84864100698587 36.70483279720179 37.637930439325146 38.62472723792154 39.64083890397987 40.661870961008226 41.66437619885711 42.62658190650458 43.52888818585795 44.35415552844529 45.08781165206653 45.71781449065497 46.2345107359437 46.63042821724086 46.900036568741065 47.039504980767305 47.04647920639432 46.91989312402971 46.659823616970044 46.26739174080293 45.74470837301394 45.09485890302306 44.321919037655235 43.43099239150452 42.42826006744844 41.3210327370233 40.11779661584784 38.82824601046093 37.46329661970354 36.03507535985946 34.55688403058956 33.04313556094475 31.509262813445112 29.97160094789112 28.447245146214925 26.95388608406509 25.509625925694973 24.132777846229693 22.841652183973718 21.65433233048206 20.588443411366633 19.66091672642525 18.887752829149775 18.283786053194312 17.862453251729697 17.635569514227594 17.613113668508063 17.803026463488944 18.211024455110593 18.840432775124032 19.692040136289464 20.763979600287318 22.05163878448002 23.547603285011277 25.241637117872465 27.120703895603352 29.169032233541945 31.36822848536509 33.69743931572624 36.13356580658596 38.65152975035872 41.2245915054605 43.8247172900291 46.42299209481438 48.99007255058041 51.49667215002804 53.91406927691578 56.21462662813194 58.37230893222088 60.363184482481124 62.16589502942653 63.76207812857167 65.13672621839025 66.27846759697374 67.1797561380347 67.8369590703268 68.25033543413983 68.42390187426592 68.36518712979597 68.08488178063567 67.59639529342442 66.91533790144938 66.05895002470359 65.04550641103651 63.893725548474634 62.622216742399964 61.24899716800584 59.791108852937136 58.264360672586754 56.68321295713023 55.06081232315081 53.409172211712516 51.73948098398082 50.06250524452771 48.389042574336116 46.73036654781084 45.09859941858076 43.50694583176416 41.96972581461792 40.5021581560692 39.119866483861905 37.83810934907871 36.67077078254315 35.629186223815466 34.72091637113047 33.94861329672254 33.30914347545282 32.79313559861191 32.38510248120492
32.59170415907618 32.49680120183933 32.38983935024253 32.30594193123129 32.27655284117814 32.32768002281057 32.4787470697097 32.742046101294186 33.12273698968551 33.61930371205711 34.22435840773157 34.9256765975229 35.70735094571137 36.550963313174385 37.43669286663715 38.34429898373847 39.25393926516446 40.146803238046175 41.00555994074626 41.814631674669755 42.56031642642486 43.230787832732396 43.81600441192265 44.30755965477228 44.698502101939496 44.983150418254496 45.15692336138435 45.216199018013654 45.15821222916439 44.980994119231504 44.6833533381189 44.264895173329855 43.726072146987825 43.06825806398546 42.293836647290306 41.4062957716948 40.41031875277553 39.31186502057371 38.118233668333474 36.83810468868287 35.481554084169815 34.060040378651166 32.58636129562404 31.074580465755133 29.53992495475571 27.99865515713053 26.46790918712552 24.965524330896173 23.5098384250968 22.119474221329384 20.813109908201778 19.6092390166053 18.525922949848518 17.580539375484662 16.789529703206256 16.16814886250546 15.730220591034598 15.487901453019342 15.451456827541111 15.6290521377951 16.026562631373753 16.647405063035116 17.49239466785452 18.559630834122974 19.844414878964503 21.33920327947408 23.03359959935542 24.91438815421136 26.96561215488593 29.16869863446162 31.502631879193267 33.94417632912287 36.46814897885752 39.04774019006558 41.65488053249539 44.26064982014024 46.835722937681915 49.35084540772196 51.777329993242866 54.08756403586424 56.255515781853916 58.25722673366793 60.07127617614108 61.67920355179045 63.06587437990946 64.21977599752097 65.13323059768099 65.80251488092887 66.22787812158852 66.41345355516438 66.36706165659272 66.09990800703325 65.62618290822945 64.96257453040096 64.12771196830465 63.14155889323573 62.02478226053251 60.79812347617377 59.48180124692069 58.094975747843776 56.65530247868413 55.17860103985077 53.67865891747043 52.16718321933853 50.653904294985104 49.1468246294067 47.65259485083976 46.17698688037158 44.72542311946579 43.30351123117242 41.9175277325507 40.57479149141395 39.283871391817044 38.054581694659916 36.89773430834133 35.82463900761868 34.846369534581974 33.972843564540995 33.211794943650276 32.567743880783674 32.04109088388042
31.77456452576389 31.667716694019553 31.603090148395438 31.60384599796798 31.68763310180934 31.866169004917943 32.14525418578821 32.52514614550161 33.00120583278334 33.56472453221806 34.20384306994823 34.90448507624281 35.65124004052268 36.42814804803138 37.21935468494422 38.00962025842172 38.78468119012761 39.53147256717491 40.23822907300895 40.894486857646214 41.49101154900022 42.01967791708984 42.4733251354827 42.84560863146718 43.13086566287912 43.324007449110525 43.42044629722007 43.41606200616609 43.30720812812796 43.09075556353665 42.76416854366767 42.32560632965648 41.77404290005427 41.10939644566371 40.33266055199607 39.44602942512582 38.45301030125686 37.35851717305236 36.168941075224645 34.892193319735846 33.53771919428105 32.11648068962092 30.640907770456465 29.124818533644923 27.58330930134981 26.03261627932375 24.489950882762898 22.973311208929623 21.50127243355879 20.09275914315784 18.766802802068963 17.54228770318844 16.43768887293303 15.470805499646378 14.658493532657047 14.016401157075443 13.558710886301862 13.297892028712837 13.244467275728283 13.406797124426415 13.79088578844277 14.400212165554223 15.23558931818302 16.29505578202598 17.5738018442425 19.064133719771416 20.75547829318079 22.634430771905347 24.684847200296396 26.887983296645462 29.222680481288897 31.665599248961076 34.19149919264611 36.7735640054251 39.38376867571286 41.993284864413546 44.57291913577764 47.09357734473832 49.52674711119371 51.84498899502518 54.02242579130719 56.035218364630396 57.86201570730858 59.484366508172585 60.88707951935617 62.05852045963247 62.99083413154132 63.68008187520869 64.12628643391646 64.33337874318713 64.3090440322116 64.06446787732709 63.61398638352053 62.97464838216382 62.165701292212574 61.20801595058577 60.12346911190744 58.93430527127537 57.662501789484324 56.32916280684069 54.953967930678736 53.554700996718104 52.14688218456796 50.74352330332396 49.35502110476957 47.989197060678265 46.651484291185156 45.3452535096566 44.072260350096414 42.833186804680246 41.62824039966537 40.45776697376686 39.32282736717208 38.22568586916233 37.17015972563924 36.1617850200803 35.2077651703578 34.31668408245977 33.4979861135493 32.761248278544485 32.11529483170317
31.058544864247104 31.046908889274533 31.102341754682115 31.234649663170003 31.448949270051564 31.746005177631044 32.122762113663036 32.573001956232446 33.08805972755725 33.65754077275003 34.2699921317946 34.913493257481434 35.57614355969847 36.24643582911492 36.91351472585216 37.56732777578577 38.19868249040519 38.799227299592076 39.36137609483077 39.8781965653074 40.343281479707876 40.75061996130954 41.0944829627678 41.36933388715658 41.569771902414814 41.690512188562096 41.72640431987304 41.67248734452997 41.524077960227245 41.27688653073069 40.92715454425968 40.471806449926 39.90860857255521 39.23632793457554 38.45488423469306 37.56548887370968 36.57076570815724 35.47484908919494 34.283455653426174 33.00392723057628 31.645243088179186 30.218000524294876 28.73436353448314 27.207979915841054 25.653867732420323 24.088272560743768 22.52849737174202 20.992707296945692 19.499711881692985 18.06872775351236 16.719124933618936 15.4701602941211 14.340701910421014 13.348948272244588 12.512146491020355 11.84631376873106 11.365966467300588 11.08386113304984 11.010751785037977 11.155167669097773 11.52321551352503 12.118410102227111 12.941536712485918 13.990548653384115 15.260502792504212 16.74353557585968 18.42888162943127 20.30293657710352 22.349365212860196 24.549255615680824 26.881319182926696 29.322135871310778 31.84644316492487 34.42746643239977 37.037287391384126 39.647246377373996 42.228373034006765 44.75183893165581 47.18942451865609 49.51399176154759 51.69995289086478 53.72372489478448 55.56415885268261 57.202932929777305 58.62489791139936 59.81836457980656 60.77532305354324 61.49158542946824 61.96684468427638 62.20464478189817 62.21225925504161 62.00047812723819 61.583305846287786 60.9775758297571 60.20249018792808 59.279096092294836 58.22971299655159 57.077327386951005 55.844973832903705 54.55512271875596 53.22909605608725 51.88653309688443 50.544926990680665 49.21925236156964 47.92170134803748 46.66154229846327 45.445110932270254 44.27593839419677 43.15501434311786 42.08117620042379 41.05160819818341 40.06242627265623 39.10931759949454 38.18819720611642 37.29583923320429 36.43043769057955 35.592051582549864 34.78289260009945 34.00742056908673 33.272222642739976 32.585666653497135
30.674410615739255 30.79355695625239 30.975685278386166 31.221209803837525 31.52780276065826 31.890910058663962 32.30429274457214 32.76055448217455 33.25162345267266 33.76916588960129 34.30491721417803 34.85092483829938 35.39970373535257 35.944311583077706 36.478354539270676 36.9959375206205 37.491574311003205 37.96007308835279 38.39641223082974 38.79561976534898 39.15266777835455 39.462390731589046 39.719434103867485 39.91823727437668 40.053052202932015 40.1179973447385 40.10714442731568 40.01463425284529 39.83481658312347 39.562408408878376 39.192664476642825 38.72155380902118 38.14593606471868 37.46373189580993 36.67408192347841 35.77748952411068 34.77594325386457 33.67301540645511 32.47393386789557 31.18562508292164 29.81672656797215 28.377567988950613 26.880120368401855 25.33791350043405 23.765922139646964 22.180422000439314 20.598817062654135 19.03944013378551 17.521329068925144 16.063981495432362 14.687091324085891 13.410270742615284 12.252761768446067 11.233141770826505 10.36902764337791 9.676783502671965 9.17123689523838 8.865408506564602 8.770260277668156 8.894466648938586 9.24421337298383 9.823027977939253 10.631645532742034 11.667912880352825 12.926733977873457 14.400058426430766 16.076914698144755 17.943488978215996 19.983249938645415 22.17711914375784 24.503686150666795 26.9394667022882 29.459201708530625 32.03619396683068 34.642678784270586 37.250223834084586 39.83015272089354 42.353985861343745 44.793891438312045 47.123138393595084 49.31654272833321 51.3508978284679 53.2053791713044 54.861913643290805 56.30550384706944 57.524498227208724 58.51079861639771 59.25999790098795 59.77144191530829 60.04821137178172 60.097021578035715 59.9280398301515 59.554622640536756 58.99297729068725 58.261754521119656 57.381581410684156 56.374545585532225 55.26364376900592 54.07220927810433 52.82333433637412 51.53930395883033 50.24105862781201 48.947702978286834 47.67607720741407 46.44040687763465 45.25204515848066 44.11931931719279 43.0474903982123 42.03883151788112 41.092826058074756 40.20648231948396 39.37475598476559 38.59106619144126 37.84788533499149 37.13737719258378 36.45205292262589 35.78541035866078 35.13251922296615 34.490513894405986 33.858956611877396 33.24003784430231
30.67862511229318 30.89734953993809 31.1579114005832 31.456908795768307 31.78997431957658 32.15213908159617 32.53815171080081 32.94273946460075 33.360804403005346 33.78755286951113 34.21856102679514 34.649782797357545 35.077509208247925 35.49828985251203 35.90882802648742 36.305861185835816 36.68603781046395 37.0458007154996 37.38128542876309 37.68824060402068 37.96197567053742 38.19733913401586 38.38872922523777 38.53013700586183 38.615220633529105 38.63740829196318 38.59002632266932 38.466448356888705 38.26026073270043 37.96543917707255 37.57653161431992 37.08884200457593 36.498610289954016 35.80318380304157 35.00117584445982 34.09260753838763 33.079029506036875 31.96362034068507 30.751259312827358 29.448571174366197 28.06394136544653 26.607500359595917 25.09107631824943 23.52811567214184 21.93357171213943 20.32376176214076 18.716194025161634 17.12936574016194 15.58253485642168 14.09546801423765 12.688168200595157 11.380586007521039 10.192318937545437 9.142303652389161 8.248506425520329 7.527617316827732 6.99475372263592 6.6631789563570925 6.544041380318988 6.646139340540051 6.9757167627803645 7.536293765126468 8.3285360491055 9.350166169977939 10.595919080278533 12.057543610500232 13.723850815710737 15.580809391160937 17.61168765268654 19.797240892603924 22.115942257597904 24.544254646703315 27.056940487623496 29.627405610875428 32.22807279818214 34.83077993281783 37.407197029765 39.92925578412339 42.36958466629984 44.70194203836487 46.901639299830094 48.94594572922381 50.81446650784598 52.489485429923484 53.95626405013811 55.203289518283704 56.2224641141407 57.00923052347399 57.56262817465919 57.88527745740361 57.98329033022279 57.86610764089703 57.54626537527401 57.0390939512023 56.36235652194402 55.535833985841926 54.58086596114465 53.51985833031517 52.37576905088908 51.17158474510975 49.929801103812544 48.67192036603808 47.41797906587737 46.1861188769077 44.99221273741744 43.84955750893816 42.76864320396362 41.75700730760119 40.81918089805173 39.95673112452418 39.16840211140161 38.45035351380177 37.79649275606256 37.19889346812121 36.648288854361844 36.13462478495417 35.64765343788976 35.17754453855454 34.71548789055372 34.254258258241606 33.78871207068011
30.959900967270418 31.21150361189452 31.481136481125517 31.76585370735121 32.062751115502365 32.36910424351372 32.68245739068743 33.00066471904455 33.321887018968376 33.64454976318318 33.96726950726866 34.288756576916754 34.60770236157994 34.92265947597742 35.2319226285808 35.53341732602454 35.82460261917433 36.10239303038188 36.36310365541078 36.602421262642586 36.81540306278849 36.99650373203509 37.139630269531324 37.23822337767828 37.28536328486926 37.27389729264969 37.196585824401886 37.046263377207886 36.8160105248109 36.49933297643748 36.09034364997493 35.58394375337717 34.97599896942816 34.26350699088631 33.44475284187128 32.51944863590962 31.488854653297267 30.355878866029705 29.12515229701913 27.803077874872574 26.397850742490697 24.91944830574366 23.379588677115937 21.79165658775921 20.170596317293157 18.532771728114948 16.895794089572338 15.278319031336046 13.699814662969537 12.180303620449378 10.74008252735545 9.39942306157463 8.178259468016378 7.095867923759695 6.170543615472137 5.419281704733186 4.857468515517038 4.498589267177614 4.353958491690869 4.4324789201507775 4.740434113457184 5.28131946605567 6.055715455619415 7.061206175644441 8.292345303515104 9.740670754274035 11.394768377614062 13.240384195113673 15.260583862906131 17.435957291494805 19.74486566239891 22.1637274481196 24.667339460740852 27.229228416301236 29.82202799789394 32.41787592355689 34.98882507297739 37.507262303246804 39.94632819844689 42.28033066756854 44.48514505299596 46.53859326478794 48.42079444367275 50.11447980688583 51.60526467098999 52.88187119340079 53.936296139152965 54.76391896003167 55.36354665579335 55.73739324551678 55.890993173126176 55.83304955683792 55.575219812438434 55.13184277567879 54.51961296019407 53.75720895829595 52.86488417391775 51.8640290311918 50.776714502186486 49.625227230271285 48.43160669197785 47.21719475307481 46.00220765712126 44.805339967481096 43.64340930068825 42.53104987375758 41.480461969835744 40.501223427024506 39.60016818545456 38.7813357870617 38.045994498429394 37.392739396525684 36.81766528993894 36.31461271153017 35.875483383011684 35.49061949916764 35.14923890876335 34.839915805824646 34.55109394643851 34.27161676748779 33.991256239825596
31.313549197412843 31.533150422840038 31.754359745122002 31.976523906676213 32.19929547746721 32.42261413368918 32.64665983397151 32.87178237333834 33.098412419528735 33.32695947816074 33.557702325548206 33.79067732758122 34.025569767850186 34.26161287498029 34.49749870231335 34.73130440365398 34.960436794092544 35.18159740849045 35.39076959207896 35.583228494577085 35.75357420518936 35.895787672140415 36.00330850602138 36.06913327791876 36.08593249564912 36.046184076840014 35.942320836321386 35.76688926545516 35.51271669881289 35.17308383352292 34.74189948193554 34.213874391641525 33.58469095104257 32.85116560717585 32.0114008505341 31.064923666727314 30.01280741739994 28.857774196409693 27.60427481859405 26.258543746975647 24.828626461511828 23.324377030985186 21.757423981530895 20.14110297093967 18.490355284232347 16.821591765249238 15.152522487335402 13.501953233071163 11.889550680786009 10.33557905993111 8.86061190803325 7.485223404262954 6.229664531527023 5.113529993198316 4.155422347224306 3.3726201893151773 2.780757395132725 2.393520404631883 2.2223702956984948 2.276295955189607 2.5616040297629086 3.0817505518644004 3.8372182205596967 4.825442310096817 6.040787120968794 7.474573818060161 9.115159454285909 10.948065986600717 12.95615717787695 15.119860458355944 17.417430101375157 19.825247449507724 22.3181534025843 24.86980793754021 27.453071058973535 30.040399266564528 32.604251361739976 35.11749719648528 37.5538227932751 39.88812514441788 42.09688994552905 44.15854555018327 46.05378657298232 47.76586083893953 49.28081379879788 50.58768511838812 51.67865291370082 52.54912204080069 53.197753949023436 53.62643684371657 53.84019624695581 53.84704744766916 53.65779274587748 53.28576776475323 52.74654237381301 52.05758288482252 51.237883103592694 50.30757251022921 49.28751027422264 48.198873979435696 47.062751842242285 45.899746872222885 44.72960087948847 43.570845516097876 42.44048669773965 41.353727835090496 40.323736359940916 39.361457101998404 38.475475192269016 37.6719303606161 36.95448376761697 36.324337859043595 35.78030913612487 35.31895316481507 34.93474056165055 34.62028204579924 34.36659988907519 34.16344218504177 33.99963526227154 33.86346826895266 33.743102461497074
31.539654396828706 31.690423855927627 31.836901653013648 31.980527221342562 32.12289498778383 32.26567652686626 32.41053355541218 32.559025047678574 32.71251172036692 32.87206103173077 33.03835567481818 33.21160833477313 33.391485234741346 33.57704072262175 33.76666485806544 33.95804565066224 34.148147280127894 34.333205300988276 34.50873950114803 34.66958474940131 34.80993983526184 34.92343397957677 35.00321038044396 35.042025859974515 35.032365396909455 34.96657007063368 34.836976705243394 34.63606728825726 34.35662604629847 33.99190188752226 33.53577376492478 32.98291637298396 32.328963459889884 31.57066591768293 30.70604170362336 29.73451455128554 28.657038355352242 27.476204069090713 26.1963259500844 24.823504042318262 23.365659906862902 21.832542824952647 20.235704010569076 18.58843679604014 16.905681300282655 15.20389275564795 13.500873449073168 11.815569111603702 10.167831544420677 8.57815026876144 7.067356994592738 5.656307676952043 4.3655478255057645 3.2149675083601332 2.2234531048875765 1.408543279564183 0.7860968431932083 0.369980123419442 0.1717811788100021 0.2005576678625025 0.4626244458020774 0.9613860382377637 1.6972180705523976 2.6674005601584394 3.8661047532713377 5.284433956210443 6.910517617725383 8.729656801780035 10.724518179869033 12.87537278918595 15.160375058889898 17.555877003038937 20.03677200907211 22.57686230244358 25.149243924766434 27.7267029070514 30.282116235124878 32.7888511784598 35.22115657908402 37.55453977277582 39.766122945574516 41.83497292551047 43.74239868731852 45.472211223732266 47.010940927306486 48.34800824504657 49.47584412228561 50.389957642346964 51.088949285399075 51.574469354384775 51.851122318993745 51.92631907257882 51.81008033709151 51.51479563870248 51.054943361851564 50.44677832437571 49.70799405902103 48.85736750361079 47.91439407106359 46.89892108180651 45.83078729901641 44.729475829175385 43.613786966681204 42.50153671221225 41.409285728478935 40.352102466725675 39.34336315674736 38.39459035359845 37.51533082105288 36.71307274182313 35.993201602970345 35.35899362444126 34.81164527830737 34.35033727169318 33.97233131079348 33.673097989444116 33.44647420805819 33.28484857712592 33.179373242384074 33.12020043726227 33.096741779932835
31.52186563997862 31.6025737589256 31.68113718282349 31.75994448949813 31.84130189093009 31.927359702653746 32.020038480242924 32.120956306905526 32.23135867161637 32.35205233316751 32.483344521116635 32.624988777446134 32.77613868935735 32.93531070007871 33.1003571069661 33.268450261147834 33.43607886805884 33.59905715214837 33.75254749187621 33.89109695417356 34.00868796330516 34.09880313084638 34.15450405506728 34.168523673227455 34.13337152259261 34.041451038116385 33.88518778843731 33.657167327789494 33.3502811192879 32.95787876377303 32.473924546675136 31.893156092215662 31.21124268979584 30.42494063349828 29.532242696576354 28.532518655921944 27.42664359732917 26.217110584662223 24.90812418134861 23.505671289533925 22.017565840185533 20.453464045238825 18.82484722704104 17.144969683250473 15.42876963352282 13.692742026909524 11.954772856523252 10.233935612159108 8.550251574518663 6.924416780352785 5.3774996230875765 3.9306141502441214 2.6045751267973944 1.419541802784891 0.39465800802187045 -0.45230334236654435 -1.105283040172785 -1.5502574457233436 -1.7755315286975815 -1.7719958018149025 -1.5333407076989658 -1.056223073704372 -0.34038046697474145 0.6113093893115296 1.7928255930846824 3.19505750373587 4.8059133825455795 6.610481734519708 8.591241751504656 10.728318315118612 12.999776251534191 15.381947942078016 17.849787977596108 20.37724828612829 22.93766704259113 25.50416466301939 28.050040271572623 30.54916218563009 32.97634617713947 35.30771552720549 37.521037192522705 39.59602874977185 41.51463118582168 43.26124306926133 44.82291218538926 46.18948135397462 47.353685884791915 48.31120096206451 49.06063817984997 49.603491461748845 49.944033667012924 50.089166279943264 50.04822566256639 49.83275037969239 49.45621503662812 48.9337368603786 48.28176186682335 47.517737858006846 46.65978166384791 45.72634797113233 44.73590677183371 43.706635927315986 42.65613461125622 41.60116249885416 40.55740855774268 39.539292216958245 38.55979859662299 37.6303484240494 36.76070228937519 35.95889804661877 35.23121947649809 34.58219381737387 34.014615450782074 33.52959289706909 33.12661632220797 32.80364295622454 32.557198145282044 32.38249016497929 32.27353736879431 32.22330668760664 32.2238628888463
31.26106412016677 31.297132525644447 31.33635727104705 31.380986638909935 31.433041718003288 31.494266981229902 31.56608176891407 31.6495332161088 31.745251234191564 31.853406235482595 31.9736703686612 32.10518310591358 32.246522083751444 32.39568014261762 32.55004953099642 32.70641423422864 32.86095135442253 33.009242405010106 33.14629529224945 33.26657763813081 33.3640619574244 33.43228303927076 33.46440770415728 33.45331691347665 33.391700003628884 33.27216060142483 33.08733355297376 32.83001196391821 32.493283203697565 32.07067246903246 31.55629223083404 30.944995604021813 30.2325313827695 29.41569817844204 28.492494790990417 27.462263647419586 26.325823867404083 25.085590283940988 23.745674576719978 22.31196459014302 20.79217792961306 19.195886080586607 17.534505593594368 15.821253338543926 14.071063459757783 12.30046445746515 10.527415770268385 8.771104314605035 7.051702619464592 5.390091436404084 3.8075509574666793 2.32542598293331 0.9647714906002847 -0.25401398687548404 -1.3115590210009478 -2.189885327208941 -2.8727603109423807 -3.3460273273130707 -3.5979052481259606 -3.619249610537339 -3.4037685701781926 -2.948188058901615 -2.2523619030085027 -1.3193241335477324 -0.15528225349742808 1.2304482456063197 2.825566362146871 4.614961957019506 6.580941733797261 8.703499545237019 10.96062495913255 13.328643445001664 15.782581179378505 18.29654729527223 20.844126397028223 23.398774297387206 25.93421017965971 28.424798716855598 30.84591606758458 33.17429409762926 35.3883376351563 37.46841005238952 39.39708297928688 41.15934650222317 42.74277679258096 44.137658756672465 45.33706200779789 46.33686923754859 47.135756904726286 47.73512905726454 48.139006038354765 48.35387077820992 48.38847630680296 48.25361900517623 47.9618829059503 47.527361020268025 46.9653601745412 46.29209615773837 45.52438608833642 44.67934479901271 43.77409170709098 42.8254741012411 41.84981205221822 40.86266927924666 39.878653313398985 38.91124723973007 37.97267421848221 37.073794929877195 36.22403710172746 35.43135540418672 34.70221926425993 34.04162558853742 33.45313300090436 32.938914007821424 32.49982149273722 32.13546609999837 31.844301376309218 31.623713967159546 31.470116684922353 31.379042839940627 31.345240820209632
30.860704801560217 30.88687348374284 30.920383790010252 30.962807825662534 31.015465125478457 31.079391273728117 31.15530596362101 31.243580840045293 31.344207598649618 31.456766941378966 31.58039910771383 31.713776806579936 31.855081461264533 32.00198374458222 32.151629420882195 32.30063152332732 32.44506987843576 32.580498945522294 32.701964867750895 32.8040325360941 32.880823350092825 32.926064222494134 32.933148220885805 32.89520706998257 32.80519555399455 32.655987659237546 32.44048408152533 32.15173048878881 31.783045674225622 31.328158456633926 30.781351880777983 30.137612941621697 29.392785704423382 28.543725323556234 27.58845008582163 26.52628823240077 25.35801596503965 24.085982737963192 22.714219701742913 21.248527025050176 19.696535801241662 18.06774037363987 16.373497206958916 14.626986907407218 12.843136657461962 11.038501180450378 9.231101371424437 7.440220899634447 5.686162368411012 3.9899659646827543 2.3730948887977146 0.8570931663569694 -0.5367773543402716 -1.7879129833970873 -2.876748506017223 -3.7851326567601706 -4.4966893452491075 -4.99715532680261 -5.27468544316731 -5.320117310096771 -5.127188371363573 -4.692699529560541 -4.016621047200021 -3.1021380228011735 -1.9556344166644801 -0.5866162600621596 0.9924237365974062 2.7661965152419596 4.716857018226925 6.824288587910131 9.066424651119927 11.419600367976969 13.858926611520559 16.35867855441305 18.892691244606276 21.43475482036878 23.95900241107104 26.44028425882938 28.854522146207625 31.17903880100075 33.3928575520733 35.47696811928566 37.41455503195924 39.19118578648695 40.794956481328846 42.21659331567172 43.449509015207376 44.489813961051944 45.33628254758138 45.99027607777032 46.45562430964892 46.73846857712149 46.847070198925515 46.7915886325557 46.583834494362065 46.23700312110968 45.76539476241703 45.1841277424333 44.50885099420021 43.755462240960625 42.93983777418537 42.07757926707315 41.18378238306482 40.27283111845791 39.35822089056535 38.452412387224136 37.56671717186385 36.711215033288525 35.89470212139901 35.12466805583177 34.40729946460175 33.74750682778709 33.14897108248384 32.614206196683924 32.14463384015833 31.740666361014263 31.40179450189657 31.126676639037143 30.913226775852728 30.758699043495966 30.659767025701633
30.47832870145892 30.52204475950609 30.574176313047733 30.63563682322755 30.70712767764387 30.78911303999122 30.8817929663741 30.98507521633909 31.098546313174392 31.221442527238107 31.352621563741963 31.490535828672463 31.633208220110113 31.778211444608914 31.92265188790361 32.06315907533214 32.19588174019999 32.31649147885459 32.420194911037186 32.50175518499587 32.55552357071539 32.575481772927304 32.55529546910418 32.48837943626393 32.36797447285688 32.18723614588288 31.939335195306743 31.61756920376054 31.21548488525209 30.727010058484787 30.1465940461273 29.469354880864877 28.691231305315846 27.80913713275822 26.821115100351903 25.726486912135137 24.52599575610712 23.221937212872753 21.818274180447368 20.320731250452926 18.73686391455748 17.076098083910612 15.349735691348137 13.570922632385475 11.754575993765549 9.91726841428315 8.077068506740275 6.253337514934562 4.466483746393479 2.7376777602949627 1.0885327421759416 -0.45924410167083085 -1.8842220134340355 -3.1656307988872943 -4.283749511855085 -5.220290065453297 -5.958765891576037 -6.484835886248247 -6.7866143512970805 -6.854938458848867 -6.683585893382038 -6.269436719463899 -5.612575121646795 -4.716328396454631 -3.5872423697130364 -2.234994189582492 -0.6722451341276368 1.0855623924794526 3.0204581722213613 5.112241208058167 7.338813082131759 9.676539702812558 12.100633241853204 14.585546050034775 17.105368547854898 19.634223479560795 22.146649453053953 24.61796732358343 27.024623677356995 29.344506399409315 31.55722804275641 33.64437343573257 35.58970866235899 37.379349224915046 39.001885852684374 40.44846706401336 41.71283822969035 42.79133753268432 43.68284987792882 44.38872047688027 44.91263051003656 45.26043794533862 45.43998724443737 45.46089230040481 45.334297494568325 45.072622210438155 44.68929447379896 44.198479577707715 43.61480958231794 42.953119441907845 42.228195203001924 41.454539244376434 40.64615690685234 39.81636811072531 38.97764671063136 38.141489425637324 37.318315243294236 36.51739526796003 35.74681210217528 35.01344704822637 34.32299272322898 33.679988116830444 33.08787270059989 32.54905592956676 32.06499835909437 31.636300627479436 31.26279671361831 30.94364815230228 30.677436256298545 30.462249831377704 30.295766354177815
30.26572747616466 30.33759346885956 30.416178167154683 30.502035440685226 30.59555277803883 30.696925325366763 30.80612799705047 30.922886166056774 31.046645545937466 31.176541972284518 31.311371875700317 31.449564308290977 31.5891554392519 31.727766470923477 31.86258594416376 31.990357401189645 32.10737335602207 32.2094764886703 32.292068930784914 32.350130449220536 32.37824626090207 32.37064512798362 32.321248285908105 32.22372964677519 32.071587593252666 31.858228529732305 31.577062182166944 31.221608430136783 30.785615208394113 30.263186725554384 29.648920911685025 28.9380546240179 28.126614714294654 27.21157260024113 26.190999500272657 25.064219002918982 23.83195317384798 22.49645798140429 21.06164347720275 19.533173934178805 17.918543052976762 16.22711942846902 14.47015774636268 12.66077167265924 10.81386511395242 8.94601946051102 7.0753355604970505 5.221230483127938 3.4041905690472234 1.6454837842190007 -0.03316407321465298 -1.6099232840860123 -3.0632368533061514 -4.3722113437269 -5.517012449730339 -6.479255268366701 -7.242378983129267 -7.791995806319729 -8.116204535142725 -8.205859949678706 -8.054790484495161 -7.659958089633204 -7.0215558966605975 -6.143041146668924 -5.031102738879572 -3.6955646392109323 -2.1492281697945588 -0.4076578132673483 1.5110834480457995 3.586742121129051 5.79721756155586 8.118932229372618 10.527220150314784 12.996724950191593 15.501799132808106 18.016896776084845 20.516952480738833 22.977740173726243 25.37620619985408 27.69077199020345 29.901602443480513 31.99083697313265 33.94278094515217 35.744055953587804 37.38370805471969 38.853273713708404 40.146803819349856 41.260846703986395 42.19439167560918 42.94877513315956 43.527551894523626 43.93633491463593 44.1826070977738 44.27550939788108 44.225609834238476 44.044658405594014 43.745333142506226 43.34098267562147 42.845370701291884 42.27242758525565 41.6360140567093 40.94970151309136 40.22657289188648 39.47904738843495 38.718731532846775 37.95629831407509 37.201395187320365 36.462580955553705 35.74729070951301 35.06182727279834 34.41137695519526 33.80004688816344 33.23092081535604 32.70612994526633 32.22693534321884 31.793818340368983 31.406575557190635 31.06441536278563 30.76605290071222 30.509801186422 30.29365619961694
30.31874993821361 30.41205911964215 30.50930161948066 30.610963838887457 30.717386441134924 30.828736284858863 30.94497678694683 31.065837244563706 31.190781730502067 31.318978251836967 31.449268926371413 31.580141982733732 31.70970642704834 31.83567024139562 31.95532298709234 32.065523680106985 32.16269478812855 32.242823170657346 32.30146874668051 32.33378163036262 32.33452842432449 32.29812830204229 32.21869944387869 32.090116311965375 31.90607815277408 31.660188996563956 31.346049272787013 30.957358972340018 30.488032053943666 29.932321506797003 29.28495414111339 28.54127378156941 27.69739108969943 26.750337748492072 25.69822222011338 24.540383755771362 23.27754082071281 21.911929627410156 20.447428079835838 18.88966015675414 17.24607563719491 15.526000128854708 13.740650626789522 11.903112324097664 10.028273126695236 8.132713286922845 6.234548748331813 4.353228155472838 2.5092849833677042 0.7240478251673024 -0.9806865226937735 -2.583010993081083 -4.061289598425056 -5.394553386460684 -6.562901246922207 -7.547895198307858 -8.332939535138333 -8.90363335941881 -9.248086560157116 -9.357190226436476 -9.22483374760463 -8.848062415587211 -8.227171131156881 -7.365731749178497 -6.27055359206934 -4.951578629361375 -3.4217146815423134 -1.696611684032536 0.2056125194464422 2.2646892417664968 4.45855043889165 6.763705686064138 9.155635538275252 11.609192294867288 14.098999576087028 16.599842724623734 19.087042816563038 21.53680795112466 23.926556436527203 26.235207455180113 28.443435737785876 30.533887674834393 32.49135712731181 34.30291995774388 35.9580269878822 37.448555706945136 38.76882161521027 39.91555060469013 40.88781426390976 41.686930457204824 42.31633197608724 42.78140649156055 43.08931144682536 43.24876790949084 43.2698377369156 43.16368868059945 42.94235224758068 42.61847923138369 42.20509780774664 41.71537895102358 41.16241366130037 40.559006101804634 39.917486239737336 39.24954497625544 38.56609406371512 37.877152365666056 37.19175924569181 36.51791510455672 35.86254835036451 35.23150741059722 34.62957580148596 34.06050777796128 33.52708170970775 33.03116807292559 32.57380881461505 32.15530483222555 31.775308407014524 31.432917620973825 31.12677005815908 30.855133423203355 30.615991083398246
30.65020287212807 30.747747253983974 30.847105099714803 30.94882923007073 31.05332300907537 31.16081137895498 31.27131076915952 31.384598411807165 31.50018166601452 31.617268013706372 31.734736437849676 31.85111092951239 31.96453689235269 32.07276122252833 32.17311683975012 32.26251243306551 32.337428165115035 32.393918053323176 32.42761971777175 32.43377215472482 32.40724216225688 32.34256000912984 32.233964897267654 32.075460717404745 31.860882530493285 31.583974116474536 31.238476808196346 30.818229662314074 30.317280802103454 29.73000949184441 29.05125816396669 28.27647321731163 27.401852941196523 26.42450040454461 25.34257859732446 24.155464544316118 22.86389855608026 21.47012427130377 19.978014714466877 18.393179280869973 16.723046404829784 14.976916700578956 13.165981617535188 11.303303142104983 9.403750816102349 7.48389332340377 5.561843103733536 3.6570538530666132 1.790072317643646 -0.017752575856742725 -1.7445985566902769 -3.368530517159902 -4.8678849304133545 -6.221669164947416 -7.409965707749462 -8.414330672213477 -9.21817571293791 -9.80712262255841 -10.169320450955661 -10.295715948477927 -10.180269455612825 -9.820109986461103 -9.215625111363845 -8.370483252504263 -7.291588075934453 -5.988966703520851 -4.475595391880309 -2.7671680544343458 -0.8818144722663348 1.1602237990949416 3.336950996714813 5.624998887050319 8.000023236314176 10.437105763309724 12.911152787489076 15.397282478711734 17.871193483574107 20.309508688887888 22.690088930391216 24.992312513872086 27.197317444403946 29.28820422502836 31.250197967350076 33.07076934206722 34.73971458589852 36.249195378938516 37.59373992497142 38.77020702157459 39.77771531239078 40.61754028451202 41.29298191975529 41.809206235211875 42.173064255930754 42.392892245751995 42.478297271290096 42.43993237559005 42.28926577685012 42.038348568513214 41.69958536630102 41.28551221501719 40.80858582739586 40.280987878679056 39.71444762970195 39.12008560970146 38.50828047487078 37.88856049130554 37.269520396007394 36.65876369324056 36.06286977204371 35.487384608862726 34.93683326898578 34.41475195960724 33.92373702893518 33.46550805747243 33.040982051665075 32.650355723515766 32.29319291478043 31.968514389333546 31.674887457508753 31.410513195011166 31.173309358713404
31.189941273455936 31.274067788335834 31.359473644134063 31.446761263229835 31.536369154483598 31.628542975775026 31.723305852658925 31.820428500722425 31.919399756926246 32.01939817104886 32.119265341071426 32.21748169550528 32.31214543171779 32.400955313577875 32.481198016321684 32.549740684129176 32.603029339515246 32.63709375625058 32.64755938165943 32.62966687142441 32.578299780773435 32.48802093874664 32.35311801379572 32.16765875382091 31.925556344450445 31.62064526673082 31.246767939024657 30.79787228695031 30.26812018927577 29.65200648804558 28.944487921925038 28.141120940858148 27.238206890828046 26.232942528944086 25.12357325696661 23.909545868103397 22.591657016162994 21.17219307201172 19.65505656775348 18.04587408406053 16.352080250059856 14.58297253432784 12.749731739986498 10.865403597871907 8.94483758912249 7.00458011879543 5.062720387073146 3.1386887309857787 1.2530087895386801 -0.5729934820505833 -2.317519228714976 -3.958658183787591 -5.474774368758206 -6.844906857851365 -8.049175461621255 -9.069180532258489 -9.888385834371435 -10.492473584841775 -10.869661349246101 -11.010971473772992 -10.910445092738195 -10.56529442548656 -9.97598898918757 -9.14627342027257 -8.083116724497868 -6.79659486974381 -5.299710606480944 -3.6081561672138633 -1.7400259905188176 0.28451221316484965 2.4435789195734308 4.713967186604432 7.071540308662712 9.491633288075406 11.949449211932654 14.42044239190068 16.880681074504217 19.307183598712605 21.67822300662019 23.973596247126366 26.17485520561415 28.265497808848508 30.23111836918517 32.05951713262053 33.74076967864512 35.267257392551485 36.6336607056587 37.83691719278777 38.87614694765105 39.75254794303797 40.469264338221684 41.03123093080525 41.444997168844964 41.71853434055256 41.8610297371006 41.88267172883747 41.794429793649996 41.60783357433449 41.33475500637861 40.98719743757869 40.5770954492194 40.116128782705545 39.61555337852582 39.086052054722515 38.5376068032909 37.97939408319571 37.41970385934718 36.86588250127553 36.324299037261945 35.800333682284986 35.29838704201704 34.82190795755572 34.373437609639296 33.95466725501627 33.566506824655306 33.20916157194428 32.882214012812454 32.58470853886473 32.315236296181695 32.07201819137928 31.852984196682364
31.808313465728467 31.86985768072914 31.93357223130809 32.000038116520706 32.06965710068365 32.142622750006765 32.21889108687497 32.298151443605356 32.37979814335304 32.462903667298846 32.546193983519785 32.62802671420455 32.706372805357184 32.77880233905684 32.84247509579891 32.89413643714089 32.930119040809466 32.94635098544876 32.93837065354838 32.90134890091386 32.83011892987271 32.71921429979114 32.562915508666386 32.35530557741343 32.090335055524584 31.761896832608116 31.36391107307626 30.89042047855597 30.335695912527434 29.694352184038706 28.961473474877188 28.132747504358022 27.20460706042397 26.174376993932942 25.04042419069606 23.802307425979702 22.460923398459936 21.01864467041034 19.47944474778932 17.849005159539995 16.134799181056422 14.346146830354122 12.494235978707584 10.592104882930137 8.654582174878385 6.698181332163955 4.740947884312186 2.8022590470129924 0.9025770749755067 -0.9368406808062688 -2.694270305537942 -4.347882072035066 -5.876125512849571 -7.258129605682648 -8.474107847254087 -9.50575732722841 -10.33664065022699 -10.952539717357153 -11.34177097461188 -11.495452747139037 -11.407716667104122 -11.075856910092838 -10.500412905423218 -9.685183291666714 -8.637171055148183 -7.366461919549938 -5.886040056270196 -4.21154697441604 -2.3609909566172447 -0.35441558002104223 1.786463331591691 4.038642550407151 6.378228249395189 8.780835221434884 11.22197954986037 13.677456598686398 16.12369720630172 18.53809610164546 20.89930775357501 23.1875060544033 25.384605378064556 27.474441603450124 29.442912627508406 31.27807869623596 32.97022355155652 34.51187793487622 35.897807417893326 37.124966867002684 38.19242411051899 39.10125558870167 39.85441694332011 40.45659166003807 40.91402102158715 41.234318765085 41.42627395989945 41.49964572538338 41.46495347935514 41.33326643524838 41.11599603510593 40.82469490526595 40.47086574290038 40.06578327989743 39.62033212623184 39.14486287346113 38.64906835091062 38.14188138752851 37.63139485991897 37.124804222653424 36.62837214258027 36.14741431608508 35.68630505698903 35.248500820080565 34.83657948448811 34.45229297122039 34.09663061459212 33.769890647670145 33.47175719275721 33.20138026095279 32.9574564486205 32.7383082595873 32.54196026523368
32.354180673105816 32.397021489189356 32.44346934146016 32.49404928061727 32.54909187188175 32.60870374261068 32.67273813685002 32.74076611026113 32.81204903318417 32.88551308635147 32.9597264325056 33.03287972867282 33.10277061008179 33.166792730850425 33.221929892726095 33.2647557361826 33.29143941316955 33.297757612698334 33.279113273414374 33.23056129421791 33.14684154588466 33.02241949222972 32.851534744768045 32.628257893421974 32.34655596833983 32.00036688277674 31.583683171071378 31.090645255122972 30.515644333929664 29.853434781899423 29.099255654099025 28.24896052615854 27.29915444472385 26.24733623940003 25.09204386465868 23.832999823299037 22.471253101956293 21.009313460131466 19.451273398044737 17.802912728373904 16.071780435406964 14.267248461835651 12.400532251543787 10.484673320182205 8.53447983596294 6.5664221687187485 4.598481588134 2.64995172848381 0.7411940381888398 -1.1066498647138174 -2.871984279144427 -4.533117619458592 -6.068644854323301 -7.457844991806722 -8.68108338749651 -9.720207980340014 -10.558928292785815 -11.183166195333405 -11.581368036618759 -11.744768761797898 -11.667600045119517 -11.34723618776529 -10.7842735027983 -9.98254103623999 -8.949042660283968 -7.693832723057961 -6.229829454742495 -4.572572127205096 -2.7399294726653043 -0.7517680330905065 1.370410096955274 3.6038502672189088 5.924939115527309 8.30959968938226 10.733678906092111 13.173319291481103 15.6053080020204 18.007397318233142 20.358592032541768 22.639400381873326 24.83204634260336 26.92064217223631 28.891321020529425 30.73233022728103 32.43408657149151 33.98919524428945 35.392434701334324 36.640709830344576 37.73297606966779 38.67013725812873 39.45492010609304 40.0917282698152 40.58647909719335 40.9464261983829 41.17997107862032 41.29646714702236 41.30601947382988 41.21928369671509 41.04726746061678 40.801137702180014 40.49203694872019 40.13091158585342 39.728354755269315 39.29446617735337 38.8387307603317 38.3699173707796 37.8959986160027 37.424091946008275 36.96042184205432 36.51030234075751 36.07813866696428 35.66744633222535 35.28088571267587 34.92030986036575 34.58682313122605 34.28084813208727 34.00219849546124 33.750155077358144 33.52354333030999 33.320809818730446 33.14009610297395
32.69683521291044 32.73672355256889 32.781289238549135 32.83102498858034 32.886210999046895 32.94688457800555 33.01281021362952 33.08345078025458 33.157940607237066 33.23506113739907 33.313219881806745 33.39043333729899 33.464314475302594 33.53206533914471 33.59047520756172 33.635924700466475 33.664396125675154 33.671490298393834 33.652450014167016 33.60219032455435 33.515335754803054 33.38626461339469 33.2091605707822 32.97807172200329 32.686977385259524 32.32986291347233 31.900802793818862 31.394052265903156 30.804147587376207 30.126014902977367 29.355087418769013 28.487430242032765 27.519871819102846 26.450140395566518 25.27700335070698 24.000406643628978 22.62161098250841 21.143320727625706 19.56980100487544 17.90697808347866 16.162517803737945 14.345876768808022 12.468321173247826 10.542908555836945 8.584428447912394 6.60929884011613 4.635416592990628 2.681961337136733 0.7691539978180515 -1.0820272258505095 -2.8501688696829044 -4.513775965910169 -6.051649778422568 -7.443280406012454 -8.669244113801579 -9.711594575719838 -10.55423693817127 -11.183273775060137 -11.587312603362543 -11.757725649662403 -11.688853962291947 -11.378149691145722 -10.826252330825678 -10.036996852637708 -9.017353839626466 -7.777303887000887 -6.329650542642925 -4.6897778530551095 -2.8753600774927417 -0.9060322835527765 1.1969686919584486 3.4111830540604395 5.713316772714343 8.079630714254376 10.486321341150914 12.909885053776904 15.327459345519088 17.717135155128265 20.05823605987881 22.33156119768526 24.51958998258736 26.60664774424717 28.57903234954403 30.425102637544505 32.13533011522471 33.7023158285264 35.120774658586576 36.38748951927256 37.50123807556546 38.46269468920917 39.27431035243593 39.94017341220904 40.46585393023437 40.858234575429165 41.12533100650134 41.27610476775017 41.320271781316634 41.26810956077424 41.13026627951096 40.917574788421305 40.64087457853304 40.31084451621361 39.93784893679375 39.5317993670659 39.102033763572436 38.657214712151294 38.20524754929069 37.753218855060396 37.30735525029648 36.873001927521884 36.45461987532217 36.05580033722672 35.679294693344566 35.32705767719334 35.00030164832782 34.69955953620175 34.42475405065902 34.17527081418611 33.95003320193595 33.74757686637581 33.566122161300044
32.76156130179857 32.81993831580098 32.88339173279912 32.952411866877334 33.02725645861786 33.107918827081804 33.19409693808969 33.28516417725899 33.380142628048226 33.477679640758886 33.576028438168315 33.67303343900562 33.76612089534249 33.85229533926313 33.92814222436727 33.98983703617273 34.03316104017621 34.05352374485396 34.04599208597793 34.00532629339493 33.9260223846479 33.80236124139145 33.62846426102971 33.39835563044211 33.1060313307063 32.74553503801119 32.3110411208162 31.796944929835902 31.19796051872134 30.50922580400172 29.726414960687904 28.84585754735747 27.864663460099898 26.780852334241725 25.59348546016481 24.302797676907232 22.910326084610325 21.419031811126256 19.833410521298227 18.159586914563494 16.40538816276542 14.58039113761383 12.695938402146268 10.7651183195227 8.802705280075527 6.82505696384769 4.849966725087155 2.89647057509587 0.9846098023483112 -0.8648480584147533 -2.6307254871080654 -4.2917823839077105 -5.827086999618382 -7.216401449067724 -8.44057183297941 -9.48191231441608 -10.324572218280835 -10.954875375158181 -11.361621520574833 -11.536340571150738 -11.473491991106327 -11.17060317656741 -10.628342744082813 -9.85052672383624 -8.844057829650817 -7.618800107639289 -6.187393257817976 -4.565012692265569 -2.7690828678902433 -0.8189525581144628 1.2644585270341935 3.4590320099495684 5.741832270123361 8.089487672269394 10.478562932912133 12.885914894695244 15.289025091914136 17.666303714756463 19.997360844613766 22.263242075478793 24.446626802981562 26.531988510979332 28.505717287068087 30.356205537912565 32.07389845093727 33.65131117017488 35.08301493956168 36.365594641663186 37.4975802519874 38.479354767330015 39.313041177302836 40.002371053124705 40.55253734263591 40.97003399415745 41.26248508604025 41.438466208829134 41.50732092281131 41.478975181395136 41.363752654277555 41.17219388753426 40.91488218601931 40.60227898534437 40.24457128908741 39.85153347969151 39.432405472037836 38.99578877535864 38.549561575009754 38.10081345728847 37.655799897042975 37.21991612947908 36.797689554314594 36.392789390764165 36.00805193168632 35.64551944708848 35.30649056955869 34.99157986128931 34.700784214135396 34.43355376659102 34.18886512719461 33.965294862427264 33.7610914263865
32.55050115613162 32.645732626110465 32.74634579291155 32.85278911542447 32.96526218455852 33.08368152473928 33.20764784192495 33.33641561427083 33.46886592167584 33.6034833790888 33.73833797592837 33.87107253254421 33.9988963685964 34.11858564371933 34.22649068563985 34.318550473967015 34.3903143086559 34.43697057000827 34.45338238038997 34.43412991323322 34.37355906640943 34.26583622555418 34.105008885546184 33.885071968304494 33.600039761722186 33.244023493786116 32.811314630912776 32.29647403179796 31.69442707890825 31.00056483172974 30.21085108464606 29.32193495815645 28.331268301625656 27.237226742937032 26.03923269768766 24.737878068933682 23.33504375727237 21.83401249683113 20.239570977730928 18.55809675532626 16.797625127029377 14.96789102218671 13.080341036711513 11.148111080218467 9.185965705385058 7.210196058883272 5.238474516211129 3.2896654082888657 1.3835927689160448 -0.45923233212761305 -2.2179206283044284 -3.871543787848516 -5.39949644317011 -6.781872415639656 -7.999845407696919 -9.036043755723632 -9.874908554206916 -10.503024603407589 -10.909414206110142 -11.08578482819955 -11.026723004405905 -10.729828555603545 -10.19578511123679 -9.428365010550012 -8.43436879246893 -7.223501577480491 -5.808190600941935 -4.203349890668186 -2.4260995214928798 -0.49544797298422805 1.5680531685291834 3.7426725964443657 6.005871243741078 8.334673700733894 10.706030675553684 13.09716502357859 15.485894986920464 17.850929502728523 20.17213169037039 22.43074784927286 24.609600437619076 26.693244515579334 28.668087997308927 30.522476749623443 32.24674610145898 33.83324069806542 35.276304867838654 36.57224579471576 37.71927183544058 38.71740831935196 39.568393146754694 40.275554483715716 40.84367285315846 41.2788299539107 41.58824660285208 41.78011228543771 41.8634089056612 41.84773143265324 41.74310822980581 41.559823905281384 41.30824752311923 40.99866894805823 40.64114595520691 40.245364513611264 39.82051435205217 39.375181543053436 38.91725940912933 38.45387857989247 37.99135652885295 37.53516641523477 37.08992456976433 36.659395513855934 36.24651300630204 35.85341528456243 35.481492419166514 35.13144353540176 34.80334157777392 34.4967032969369 34.2105622194389 33.943542508195165 33.693931824269626
32.14344712923109 32.28288822970752 32.429131496933 32.58244782555113 32.7428500368752 32.910055911297036 33.083453142256914 33.26206724847424 33.4445334686581 33.629073612735034 33.81347875618325 33.995098542086055 34.17083770409728 34.33716024994872 34.49010155862513 34.625288455488175 34.737967149778655 34.82303875932416 34.87510201821251 34.88850267304885 34.85738902781003 34.77577309831625 34.637596882928825 34.4368033398279 34.167411772328 33.82359744738403 33.39977539074901 32.89068839511984 32.29149932436869 31.597887777973796 30.806151078257766 29.91330934689349 28.91721414054811 27.816659720385303 26.61149554693458 25.302738040050354 23.89267905152703 22.38498790135872 20.784803269663218 19.098810760727396 17.335301610206585 15.504207835673544 13.617109173261824 11.687207428928314 9.729264419784485 7.759500492591238 5.795451670506511 3.8557847665600185 1.960071268021712 0.128522380215208 -1.6183107500357896 -3.2598660118458413 -4.77592140544456 -6.146959825947351 -7.354538153891202 -8.381650575655922 -9.21307576804692 -9.835697707968453 -10.23879041787457 -10.414257915433689 -10.356821964159566 -10.064151862792578 -9.536932389912444 -8.778868048766263 -7.796623840164885 -6.599704831246117 -5.2002786915960915 -3.612947051788228 -1.854472933224115 0.05652744935916609 2.099919531310236 4.254402607931234 6.4978702035536555 8.807769804126373 11.161453861080048 13.536514909828256 15.911098746420866 18.26419080006707 20.575872058817623 22.827542088115415 25.00210777440604 27.084137388117423 29.059980365516367 30.917853844930796 32.647897460818164 34.24219821224457 35.694787402998564 37.00161172772618 38.16048058431307 39.170991659505916 40.03443679191126 40.75369008831222 41.33308027307662 41.7782492958044 42.09599931070706 42.294130266420254 42.381270494523676 42.36670284174373 42.26018903462099 42.07179507561333 41.81172052677445 41.49013452502039 41.117021279864126 40.70203762421222 40.25438492127976 39.782697281820475 39.29494762715083 38.79837266097402 38.29941730631126 37.803698644493025 37.31598888328088 36.84021640204642 36.379483492637995 35.93609905102062 35.51162418888862 35.106928533688375 34.722254872723056 34.357289770685185 34.01123784451909 33.68289750601912 33.370736169498045
31.677106220778107 31.853399184960853 32.04015621809933 32.23731133977627 32.44452835091954 32.661162642394025 32.88622515991472 33.118349737105575 33.35576498540055 33.59627186096883 33.837227915536815 34.0755390831371 34.30765966442573 34.529600952843815 34.736948713369216 34.924889487397756 35.088245469840516 35.221517500283454 35.318935541518414 35.37451589639788 35.382124345257864 35.335544374680886 35.22854971318347 35.05498048464756 34.80882242518793 34.484288768319274 34.07590456765548 33.57859337424743 32.98776629428169 32.29941350016143 31.510198234542862 30.617553217833407 29.619779136447267 28.51614455107998 27.306986129605434 25.993807595479222 24.579375216467255 23.067807075065332 21.464652802686782 19.776959970411674 18.013322957081165 16.183909906225466 14.300463376924037 12.37627052177737 10.426099107616224 8.46609643712322 6.513649222089088 4.587203674911714 2.706046481348062 0.8900488369902604 -0.8406226969838175 -2.4658232143498915 -3.965767613302448 -5.321381871321884 -6.514658447288 -7.5290061433672015 -8.349584463616548 -8.963612613911376 -9.360643806923246 -9.532796452299454 -9.474935089790165 -9.184795505565512 -8.6630502861329 -7.913313024245634 -6.942081403661174 -5.758621359428951 -4.374796346364464 -2.8048473686658197 -1.065130760512596 0.8261782889709466 2.8494078324842986 4.983727980037806 7.2074976199934255 9.498610649794472 11.834834017746566 14.194130794779857 16.554962565983974 18.896566586202674 21.19920431458806 23.44437906866712 25.615021568083492 27.695643033240835 29.6724562401388 31.533465499682798 33.2685269311781 34.8693806509371 36.3296566225928 37.644855946738666 38.812309337796094 39.831114479156376 40.70205389403248 41.42749494379506 42.01127358512642 42.45856359095434 42.775733068056695 42.97019027864697 43.05022097952932 43.02481971084714 42.903517674333855 42.696210014813346 42.41298543637403 42.06396112734605 41.659125922026405 41.20819448407983 40.720475055310565 40.20475297924949 39.669191793041485 39.121253199955085 38.56763670892247 38.014239179782074 37.4661339671797 36.927568835601924 36.4019813439552 35.892029988453935 35.39963906124452 34.926054938441084 34.471911359505356 34.03730119985369 33.6218522655649 33.224804744727635 32.8450881230195
31.30626886373768 31.5001097384325 31.710484304331313 31.936965545184236 32.17881495423687 32.43494701878622 32.703895906691855 32.98378572094299 33.27230566604132 33.566691392459354 33.86371365344185 34.1596752257078 34.45041681913787 34.73133244027338 34.997394393029616 35.24318781207821 35.46295434571069 35.650644351668845 35.79997675647783 35.90450556918928 35.95769194382747 35.95298065668163 35.88387990533789 35.74404344096197 35.52735420324848 35.22800882286718 34.840602568981296 34.36021452612211 33.782492960422836 33.10374095527361 32.321002438526534 31.432148669525258 30.43596509286486 29.332238193283402 28.121841607967568 26.80682028407303 25.390470935288363 23.877416485450606 22.273671630356013 20.586696146676182 18.825432176957833 17.0003214684336 15.12329848241289 13.207755453762122 11.268475888499385 9.32153365000389 7.3841556932937475 5.474547638314123 3.61168268710705 1.8150558313046958 0.1044067986648658 -1.5005833251689804 -2.9806154706183765 -4.317108405625662 -5.492538484524536 -6.490774142595497 -7.297395651280852 -7.89999073377428 -8.288417122365114 -8.455024004512314 -8.394825519630356 -8.10562097872965 -7.588058213487163 -6.8456383367687135 -5.884662122520494 -4.714120096986603 -3.345530186985288 -1.7927283153124192 -0.07161860293310074 1.8001092153290834 3.8032869583110394 5.917591306888081 8.121874916006716 10.394497410623016 12.713649028130519 15.0576605580613 17.405294257886457 19.736011523415627 22.030214197902318 24.26945745657138 26.436633154222708 28.5161233369297 30.493924272912068 32.35774184510365 34.097059474973605 35.70317993170798 37.169242449890646 38.49021656524791 39.66287401729276 40.68573999450854 41.55902494293432 42.28453814727838 42.86558434155912 43.306844721301424 43.61424390986838 43.79480466742454 43.85649240494042 43.80805185485489 43.65883852868135 43.418647833382636 43.0975448977086 42.705698255481515 42.25322052894387 41.75001914220347 41.205659870132266 40.629245696655616 40.02931302982035 39.41374681678256 38.78971554183656 38.16362649967833 37.54110114038069 36.926969707770695 36.325283862830624 35.73934551894824 35.17174973266079 34.62443920343788 34.098767745351346 33.59557000341028 33.11523469440165 32.65777874867964 32.222919904609256
31.155729098103222 31.34509706563498 31.558113064163617 31.79424973815346 32.05257167733967 32.33170546631629 32.62981257426937 32.944566453988585 33.27313521559374 33.61217117192002 33.957808419199125 34.30566942225078 34.65088132534309 34.9881024192988 35.31155887661399 35.615091536107414 35.892212195283 36.13616857093762 36.34001683450451 36.4967004339388 36.599133790914564 36.64028941839719 36.61328704146194 36.51148341966347 36.32856175221316 36.058619781676924 35.6962559767305 35.236653444709866 34.67566147308575 34.009874798183745 33.236710824046234 32.354485043062475 31.362484827931397 30.26104156478899 29.051600782440342 27.73678951520084 26.320479639591653 24.80784538010249 23.20541262626138 21.521097187677494 19.76422868352219 17.945556465377937 16.077233850600003 14.17277703267925 12.246995360034067 10.315890246103946 8.396520787050251 6.506835197961963 4.665468397282027 2.891507420529955 1.204227764340712 -0.37719482241081836 -1.833991249413962 -3.148117671123027 -4.302577776901426 -5.281740161320641 -6.07164183872262 -6.660269024124834 -7.037806740237453 -7.196849616137042 -7.132567384395414 -6.842820008354261 -6.32821901171923 -5.5921333586139035 -4.640640056482012 -3.4824214378876266 -2.1286127353272115 -0.592605019682042 1.1101902344625842 2.9626078099796764 4.946018939797402 7.040637128067694 9.225831815557838 11.480442517565663 13.783086722328099 16.11245568648485 18.447593237131446 20.768153721118345 23.054636268258704 25.28859349984661 27.452813671739158 29.531475959539726 31.510279153690764 33.376544430463326 35.119293110218855 36.72930042763791 38.19912634927729 39.52312441669686 40.69742950535416 41.71992530595005 42.590192286912995 43.309436908251286 43.880402943366846 44.3072659322216 44.59551203234278 44.751802840412275 44.78382810592684 44.70014862343874 44.510031941835535 44.223283838030085 43.850078740208566 43.40079242842368 42.885840369744045 42.31552495052266 41.69989464669455 41.04861782944323 40.370873450699214 39.67526030988964 38.969725994406176 38.26151593910484 37.55714239413312 36.86237245465929 36.182233717962305 35.52103561683897 34.88240405297967 34.26932663424695 33.6842056144763 33.12891554672183 32.604862688725724 32.11304333603326 31.654098492924888
31.276518865020215 31.449513465102324 31.651636416847122 31.88279768155642 32.14235613173691 32.42908936618346 32.741169123857986 33.07614345002659 33.43092676767286 33.80179894222656 34.18441429557059 34.57382132792803 34.964493649937715 35.35037232274975 35.724919466018825 36.081182640143155 36.41186916005387 36.70942917425214 36.96614606501858 37.17423251212976 37.32593042782891 37.41361292518176 37.429886529357645 37.367691979242096 37.22040218566721 36.98191619636327 36.64674834455349 36.21011210141634 35.667998483065674 35.017249150124336 34.2556245538283 33.381867602247226 32.39576332518631 31.29819489631302 30.09119612532426 28.778000171302462 27.363083771169187 25.852205754618456 24.252438067820435 22.57218699744626 20.821201822420974 19.010567771498955 17.152679974927146 15.261195105626431 13.350957636560063 11.437898110184477 9.53890152187137 7.671644844605366 5.8544038337263995 4.1058304998496595 2.444703964791164 0.8896587497225341 -0.5411041876698404 -1.8301172243207056 -2.960949294353352 -3.9185045645590786 -4.689308242209609 -5.261771222143599 -5.626425667664705 -5.776124357369883 -5.706197687189708 -5.414563544610283 -4.901786805491385 -4.171086866645089 -3.2282933360871633 -2.0817516727451952 -0.7421821173287593 0.7775033861805261 2.462420472358036 4.295961220309355 6.2600654885055365 8.335507427967277 10.502190013712493 12.7394408380446 15.026303039551513 17.341816041733484 19.665281682315488 21.97651226476631 24.25605799703207 26.485412146195888 28.647192989693046 30.725302254923147 32.70506019492992 34.57331774783406 36.318546384592345 37.930906287145845 39.40229344902504 40.72636618976722 41.89855146113469 42.91603123301303 43.777709210676804 44.48415817574729 45.037548374061906 45.44155759790943 45.70126392042534 45.823022419722825 45.814327655084476 45.68366409717629 45.440347135654555 45.094357657300606 44.65617347487965 44.136601064980965 43.546611122578035 42.897181349488335 42.1991496607273 41.46308062333531 40.69914745144869 39.9170312913953 39.12583886945838 38.33403887471137 37.5494167440112 36.77904683986604 36.029280396556764 35.305747084103864 34.613367627009765 33.95637463284316 33.33833864585038 32.76219644738131 32.23027877597903 31.74433492740775 31.30555210519188
31.62202866492466 31.787951596213546 31.984077072107162 32.21128162979032 32.46977915596286 32.75906884198046 33.07789447870661 33.4242161726868 33.795195435359034 34.18719442687669 34.595789920108125 35.0158022870055 35.441339501964286 35.86585581296556 36.28222436367216 36.682822674575405 37.05962952796804 37.40433147070881 37.70843687121672 37.96339526202904 38.1607195824259 38.29210891812282 38.34956942185646 38.32553128790922 38.21295993597077 38.00545991876592 37.69737048065406 37.283852132778314 36.76096404272332 36.1257324301579 35.37621048287244 34.51153053190718 33.53194932812231 32.438887231794794 31.234961957693674 29.92401721749001 28.511146187302156 27.002709229192323 25.406344749156872 23.73097152514747 21.986780335537667 20.18521231052518 18.338921162640666 16.46171636768393 14.56848449399002 12.675086233162194 10.798227271707313 8.955301946867092 7.164209621918225 5.44314485207024 3.8103636350149968 2.2839292840339174 0.8814426549151229 -0.38023747139290576 -1.4852771685675838 -2.4191459955817414 -3.1688838335996885 -3.7233482781146936 -4.073435267234957 -4.212266288776331 -4.135336472492735 -3.840619093436616 -3.328623427002435 -2.602404433314468 -1.667524329341811 -0.531967651063006 0.7939871615006648 2.297935374551942 3.965547471923427 5.780798536914231 7.726219034020012 9.78316037895354 11.932068826819801 14.152761599722755 16.424699770506553 18.72725316337862 21.039953364379382 23.342731794162162 25.6161406254254 27.84155507861232 30.00135626423792 32.0790942336903 34.05963124206 35.929265419990045 37.67583511300232 39.28880410307266 40.75932781280525 42.0803004459228 43.246382877973865 44.25401101418177 45.10138430713275 45.78843419684429 46.316772410741535 46.68961934125631 46.91171309338084 46.989200243012796 46.929509840840765 46.74121270184254 46.43386850049689 46.01786361008158 45.5042429476043 44.90453928634139 44.23060355578525 43.49443955344513 42.708046243891644 41.88327042728921 41.031672041530754 40.16440374632289 39.29210575800397 38.42481619871526 37.57189653302222 36.74197102908803 35.94287863727811 35.18163525915983 34.464404110320764 33.79647177950214 33.18222766369997 32.62514471432259 32.1277598540502 31.69165299950108 31.317424324529348
32.056717442875566 32.24913997275172 32.46752088248714 32.7136843497779 32.98885485200374 33.29355018726648 33.62749163773151 33.98953360280941 34.377614472206176 34.78872994811504 35.218929463672936 35.663335783627254 36.11618731707884 36.5709021279319 37.020162106086715 37.456015274251314 37.86999376678539 38.25324464501394 38.59667042497569 38.89107600433643 39.12731859803337 39.296457335511356 39.38989933876002 39.399539385570804 39.317890654999424 39.1382045331437 38.85457800155872 38.462047706995236 37.95667038501685 37.33558984525465 36.59709118739113 35.74064327279362 34.76693070151778 33.6778766210078 32.47665761420748 31.16771168521879 29.7567399959952 28.250702534889143 26.657807354049996 24.987492442206715 23.250398751585223 21.458332423350306 19.624213903540237 17.76201145357061 15.886656569238472 14.013939050669773 12.160379919244189 10.343081046915687 8.579551223385755 6.887509397291034 5.2846669362141245 3.7884918945597006 2.4159593900871594 1.18329319981527 0.10570452819081044 -0.8028654830969679 -1.5299925892919561 -2.0649986632403117 -2.3991566162861115 -2.5258649122727372 -2.440786429367453 -2.141947526454703 -1.6297944560053095 -0.907205665762943 0.02054002685355849 1.1458379965519507 2.458872416127571 3.94776708327556 5.598767734466778 7.396450457984684 9.323950438621981 11.363205161542705 13.495206355147527 15.700255329725099 17.95821692509978 20.24876796267958 22.551636847305282 24.846831724391006 27.114855314871523 29.33690517960989 31.495058672660065 33.57244220888599 35.553384689776294 37.423555009500014 39.17008352129008 40.78166721205078 42.24865814744601 43.56313455073711 44.71895370601731 45.711785766038005 46.539127525340845 47.200295310282826 47.69639634718382 48.030278295077146 48.20645705604244 48.2310234795825 48.11153012588457 47.85685980886542 47.47707816436533 46.98327294359666 46.38738308306791 45.70202082275634 44.940290216512025 44.1156052954151 43.24151091030625 42.33150890944416 41.39889182701857 40.45658570256878 39.517003061187715 38.59190650447878 37.6922828381357 36.82822723706577 36.00883666128501 35.24211161554364 34.53486541264401 33.89264036236572 33.31963075903134 32.818613161148306 32.39088521230593 32.03621509634326 31.752804592614908
32.401190722245715 32.66860187220313 32.95515481012582 33.26251128299192 33.592100849548615 33.94494190295573 34.32147595193916 34.72142176473794 35.14365473425892 35.58611552240386 36.045750733128855 36.51848708551189 36.999239340860264 37.48195110695046 37.959666618892825 38.42463069775721 38.86841333047513 39.282054710961035 39.65622614379568 39.98140194613517 40.24803739486374 40.4467478536978 40.56848447253496 40.6047022659151 40.54751692927063 40.38984741418532 40.1255420245283 39.74948657652526 39.25769394680168 38.64737507137369 37.91699211508946 37.06629506881687 36.096343421019114 35.00951477046608 33.80950228764322 32.501302795830725 31.091196943072966 29.586722499488552 27.996641277315362 26.330899578897906 24.600581481222267 22.81785371744529 20.995900467440567 19.14884606664068 17.291663522461846 15.440066815503588 13.610385269464679 11.81941879469904 10.08427352512454 8.422178241427645 6.850282956848128 5.38544207697433 4.043985567429434 2.841482506723335 1.7925022022363972 0.9103786488431593 0.20698446687997496 -0.30747946160800677 -0.6246726458504872 -0.7382764068527194 -0.6441232965336319 -0.3402907227177945 0.17284386615452974 0.8925876285702894 1.813956909043318 2.929740587158725 4.230599872466863 5.705201215698359 7.340378205074844 9.121317750365282 11.031765541975311 13.054245705780271 15.170289738239806 17.360670167742235 19.605634902862267 21.885138844363638 24.179070000021884 26.467467995338907 28.730733469758515 30.949827346600088 33.106459336675414 35.183265264817464 37.163972893658894 39.033555871711215 40.77837527670435 42.38630799314691 43.8468608941492 45.151269533160345 46.29257983159256 47.26571110873187 48.06749876844354 48.6967150504416 49.15406647827213 49.44216698574806 49.5654861611996 49.53027258773095 49.3444528435679 49.0175073211048 48.56032458700017 47.98503650166254 47.30483671340907 46.53378541760981 45.68660341194429 44.77845848500935 43.82474705861599 42.84087378739792 41.84203153596546 40.84298384438645 39.857851702189876 38.89990622492922 37.98136870781491 37.113219552862915 36.30501775303057 35.5647329779834 34.898592833283736 34.31094853076412 33.80416296588988 33.378525982297546 33.03220233174528 32.76121841327942 32.559494193816654
32.50360617115974 32.88812320747901 33.28916179507382 33.70592430826049 34.138018471507706 34.58525536499543 35.047431983350876 35.5241127216953 36.014422704504724 36.51686397851903 37.02916341627656 37.54815886145363 38.06972771185728 38.58875988138161 39.099174989382036 39.593981757013495 40.065375990506396 40.50487223153944 40.90346317207562 41.251800270933565 41.540388667297854 41.75978944827587 41.900822570798155 41.95476423198961 41.91353318873807 41.769861402374744 41.51744537888236 41.151075636064924 40.666742802260075 40.06171988274498 39.3346211694321 38.48543907196725 37.51556077734658 36.42776707450763 35.22621589603305 33.916413130398816 32.505173057942585 31.00057038779582 29.411885358905263 27.74954276281625 26.02504510235228 24.250899474830113 22.44053721618802 20.608224913742056 18.7689651321162 16.938385129482576 15.132611985827822 13.368132922260376 11.6616401452337 10.029860271688168 8.48936923693908 7.05639450267435 5.7466073069349815 4.574908568175395 3.555212810124619 2.700235058227114 2.0212860273030313 1.5280810427239442 1.2285679987833502 1.1287792601008326 1.2327117739316504 1.5422388179894484 2.0570558079221737 2.77466148882864 3.690374699757693 4.79738579371334 6.0868407795504496 7.5479553797801815 9.168155511785232 10.933240227170101 12.827562897020638 14.834226405569702 16.935288291605296 19.111972122954555 21.344881861141864 23.614216520764142 25.89998299861073 28.182205490137804 30.441130380338247 32.65742585620624 34.81237571448506 36.888066920121894 38.867570410493975 40.73511445374329 42.47624958348023 44.07800378236782 45.52902621470365 46.81971745579093 47.9423438743251 48.89113362843727 49.662351663289414 50.25435116459841 50.66759913295562 50.904674091368875 50.97023440536837 50.87095625467991 50.61544091504743 50.21409165243897 49.67896116422184 49.02357109147444 48.26270564893483 47.412181859146195 46.48859923115102 45.50907199918721 44.490947251765405 43.451512463926285 42.40769612930038 41.37576541013446 40.37102501686142 39.40752192111542 38.497761012264164 37.65243742576316 36.88019197961935 36.18739690756921 35.5779798047847 35.05329431160909 34.61204644096839 34.2502854798522 33.961467933199536 33.736601903284914 33.56447750050714
32.312933759719385 32.82422919714809 33.36228021020706 33.92113908084932 34.495817609974 35.08222310303285 35.67701586778479 36.27740967386973 36.88093726537481 37.485202233952876 38.0876366388579 38.68528100157534 39.274599998465284 39.851343593458566 40.410459729168664 40.94606122427166 41.451446361698316 41.91916990937409 42.341159068096246 42.70886713048617 43.013456471701076 43.24600186227699 43.39770496075129 43.46011115652241 43.42532062689149 43.286186472343225 43.036494021010796 42.67111676451825 42.18614582116075 41.57899124044182 40.84845479366027 39.99477507614276 39.01964672721736 37.926216317262 36.71905793553355 35.40413173240535 33.98872863552644 32.48140419679705 30.89190407482992 29.23108306543974 27.51081891793571 25.743921478634913 23.944037045855573 22.125547259134056 20.303461427807754 18.4933009671997 16.710974577171974 14.972642974888313 13.294572372206947 11.692976443666833 10.183847225236809 8.782776167568123 7.504767383695668 6.364045919940756 5.373864581238278 4.546313404720511 3.8921362539788213 3.4205591694475825 3.1391350412070187 3.0536088687266814 3.167807353358209 3.4835558643609636 4.000624971135362 4.716707795704122 5.627428468250444 6.726381023651531 8.00519721404275 9.453640979686195 11.059726755074324 12.809858413076544 14.68898547586229 16.680773240854585 18.767783662243744 20.93166416040786 23.15334196031764 25.41322203725839 27.691387223876895 29.967799458944018 32.22250149382252 34.43581858542813 36.588559774337625 38.662218266773415 40.63917021617858 42.50287085338821 44.23804647424752 45.830880298283844 47.26918970487833 48.542591878656005 49.6426544954555 50.563027790487155 51.29955419901794 51.85035176481229 52.21586767925319 52.39889864037287 52.40457519211856 52.24030779872217 51.91569310093124 51.442379562386165 50.83389251951578 50.105419475433 49.2735573127858 48.356023935933 47.37133769123615 46.33846876513556 45.2764676374423 44.20407658765113 43.139331227379834 42.09916006579195 41.09899119618429 40.15237629030246 39.27064314798491 38.462588992580514 37.73422741971209 37.08860226688797 36.52568152485211 36.042343600961594 35.63246661810441 35.287128859443 34.994924860359035 34.74239697665168 34.51457657620283
31.921365851254578 32.51850188550727 33.17138971100643 33.86760349870649 34.59545974105135 35.34435147931812 36.10492364942222 36.869105610589926 37.63002436237595 38.38182648977227 39.11943872491613 39.838296540431706 40.53406784319094 41.202395104605586 41.838674627144655 42.43788655464165 42.994484078041324 43.50234539154101 43.95478756522552 44.344637793902855 44.664354563226325 44.906189186912314 45.06237690401467 45.125346231348786 45.08793545923403 44.94360595156992 44.68664314223976 44.312337680572966 43.8171409407509 43.19879095108787 42.456406607214575 41.590549711117035 40.60325584620543 39.49803629741542 38.27985411617591 36.95507799570899 35.53141786611093 34.01784606373568 32.42450761503123 30.762622654119156 29.044383328624292 27.28284680740034 25.491825255451367 23.685772950368914 21.87967013792609 20.088902807536456 18.329137342270066 16.61618897816084 14.965883192099207 13.393909508984898 11.91566774482865 10.546107339125687 9.299561124751385 8.189575580270795 7.228740251424853 6.428519563552671 5.799090631030468 5.349190871204735 5.0859792304220015 5.014914625417653 5.1396548065683065 5.461978286519148 5.981731286604848 6.69680088127083 7.6031147194330195 8.694666924398296 9.96356907039138 11.400124546589678 12.992924181182836 14.728960727899558 16.59375972109895 18.57152427397841 20.645291605384234 22.79709940043215 25.008160496515213 27.259044792289487 29.529867654942883 31.800484405562358 34.05069065551291 36.260428320013986 38.40999703216033 40.480270418386915 42.45291628515496 44.31061922929098 46.037303554418884 47.61835369470109 49.040828660791966 50.29366637892478 51.367873237717056 52.25669372880724 52.955754799585804 53.46317945282551 53.77966424315112 53.90851563902041 53.855640738259254 53.62948853619779 53.24093883534262 52.70313694017838 52.03127348669848 51.24231010227758 50.35465306864201 49.387778761687514 48.3618163588152 47.2970951251561 46.21366549341592 45.130805102529564 44.066522902195246 43.03707628279716 42.05651784355424 41.136289726273944 40.28488425032585 39.50758969738139 38.806339312787316 38.179679720780264 37.62287182672706 37.12813278687658 36.68502173000847 36.280964688486115 35.90190584352804 35.533063067012826 35.15975636534958
31.547991370033554 32.14249212078186 32.83821159926986 33.61837187329987 34.46519517156067 35.3608676643396 36.288309564847964 37.23173275362798 38.17698651625935 39.11170773689705 40.025303500569514 40.908801445618955 41.754606634638556 42.556203684536946 43.307840074706476 44.00422166819638 44.64024526704681 45.21078615997001 45.710551699199684 46.13400544259351 46.47536067500133 46.72863741783131 46.88777347531314 46.94677768137018 46.899912254192095 46.741890927461334 46.468080155632535 46.07469200729355 45.55895917555861 44.9192846588509 44.15536092182233 43.26825557623785 42.26046269202561 41.1359206545423 39.899998950991446 38.559457352999104 37.122381649017484 35.59810038165468 33.99708699652253 32.330851464748086 30.611824868543057 28.853239714030796 27.069007936491133 25.273597766331623 23.481909898068267 21.709152806532046 19.97071662686959 18.282044783405322 16.658502525224065 15.115241694368564 13.66706139115378 12.328264672606922 11.112511977248912 10.032672559668882 9.100675787809518 8.327364653948715 7.722354233516921 7.293898061015913 7.048765459094886 6.992132749120077 7.127490997495849 7.456572533054416 7.979297939842857 8.693744627796693 9.59613745711325 10.680861287518093 11.940494784871593 13.365864381747542 14.946116982951892 16.668809846556215 18.52001605768859 20.484444134383917 22.545570538113104 24.68578417160882 26.88654229114528 29.12853759331092 31.391876511099472 33.65626892800816 35.90122955609403 38.10629109902996 40.25122902081971 42.316297265116816 44.2824736327906 46.13171275296808 47.84720371270089 49.41362848859375 50.81741640166355 52.04698894826538 53.092988598401824 53.94848454813042 54.609148009752445 55.07338945992465 55.34245037233791 55.42044236137811 55.31432737264199 55.03383358569756 54.591303049012254 54.00146874625302 53.28116079102177 52.44894374972 51.52468967515533 50.52909425729664 49.483146502621494 48.4075654541278 47.32222054306317 46.24555506756515 45.19403483162888 44.18164592291346 43.21946670325781 42.315339058195626 41.473662530976014 40.69533191171124 39.97783398429336 39.31551237254133 38.70000083001278 38.12081511600932 37.56608222683081 37.02337385741885 36.48059941926799 35.92690378609335 35.353507356312186
31.456625503229596 31.943166304476847 32.579353442075714 33.350709469434776 34.23824500470974 35.22000872391993 36.27255694224007 37.37225014514334 38.49631456555929 39.6236368441909 40.73528659989738 41.814783781664325 42.84814411609068 43.82374659649116 44.73207209702829 45.56536253403674 46.31724647180758 46.98237072581257 47.55606939804798 48.034092850465726 48.412410208242065 48.68709073852482 48.85426234289592 48.91013972558363 48.851110685869926 48.673866427309676 48.3755606660478 47.953982465846245 47.40772888947273 46.736365472360106 45.9405649305191 45.02221716156987 43.98450626476064 42.83195280932355 41.570421778868806 40.20709841484501 38.750435519178865 37.210076639244946 35.596759965970925 33.92220777512719 32.19900590105677 30.44047713379593 28.660551664201627 26.873636856973718 25.0944877920386 23.338079253290843 21.619479217809698 19.953723448394015 18.35569053874383 16.839976706297485 15.42076975777325 14.1117219373323 12.925821766224846 11.875265447941992 10.971328893705575 10.22424187069813 9.643066146588374 9.235579764566022 9.008169710797311 8.965735221548591 9.11160382418431 9.447461931378752 9.973301438434248 10.687383344774133 11.586218972245671 12.66456892543539 13.915459570441458 15.330216529714413 16.898514523569 18.6084428442151 20.44658582348264 22.39811783598414 24.446912638781658 26.575667150574823 28.76604007507185 30.998806028241887 33.254025991643466 35.51123494218639 37.74964736834186 39.94838105035807 42.08669894660715 44.14426829296199 46.101435104633865 47.93951120153147 49.641069702643605 51.1902437062321 52.57302165260907 53.77753172197399 54.79430662069922 55.616519325112776 56.240179849658446 56.66428294980718 56.89089691722912 56.92518432644593 56.77534679061917 56.45248751039442 55.970387670760374 55.345195555309004 54.59503057998238 53.7395082440359 52.79919616177172 51.795015737135444 50.74760848610991 49.676690255753414 48.60042033584739 47.53481536291036 46.49323959512882 45.48600319617869 44.52009823101095 43.59909783352646 42.72323725127369 41.889686167309584 41.09301002456337 40.32580448006079 39.579472340237245 38.845097425702285 38.114356116578264 37.3803963845527 36.63860757295166 35.887203630848795 35.127549271592564
31.83258496726613 32.13985809898107 32.62625937165784 33.28931731533922 34.117671328305654 35.09264052858663 36.190057392946166 37.38218124910201 38.63953322759482 39.93252970035445 41.232830526979015 42.51435727896034 43.75397165450818 44.93183323530854 46.03147731793398 47.0396674483815 47.946083916466364 48.742909785369704 49.42437133042113 49.98628147376103 50.425624348787565 50.7402078007284 50.928399509022896 50.98895233469847 50.92091602153879 50.72362583555373 50.396754217266356 49.940408972373675 49.35526073240694 48.64268308378436 47.804890549299046 46.845062156367696 45.76744130270721 44.57740573047374 43.28150439264731 41.8874606468753 40.40414340849935 38.841509560381354 37.210522029101554 35.52304851635165 33.79174597738964 32.02993564711512 30.251472825980983 28.47061485603397 26.701889843144933 24.95996780706124 23.259535143811377 21.615172624417546 20.041236668685638 18.551743341205782 17.160254417237386 15.87976494042666 14.722591910295524 13.700264053754696 12.823413005320731 12.101666598782852 11.543545316257797 11.156363213915073 10.946134822419694 10.917489591477095 11.073595411327295 11.41609261093675 11.945039624384673 12.658871262481428 13.554370259286056 14.626652517005168 15.869166279061474 17.273705345094466 18.830436419555383 20.527940762708162 22.353270482574516 24.292020049969917 26.328413906576927 28.44541132929144 30.62482996795161 32.84748964030479 35.09337800089446 37.34183955737768 39.57178915481381 41.761950463280996 43.891119178201514 45.93844958291177 47.88376185254333 49.707866036747696 51.39289710130552 52.92265380446295 54.28293261441522 55.46184643113385 56.45011665747935 57.24132627450589 57.83212111855825 58.22234663523871 58.41510809274015 58.41674365720484 58.236701929421244 57.88731855181071 57.383490316907576 56.7422497952805 55.98224874476956 55.123164286509635 54.18504777975703 53.18764215608366 52.14969876022491 51.088328993336006 50.01842871724941 48.95221389218717 47.898903755202554 46.86458256854962 45.8522623124999 44.8621566520244 43.89216138484052 42.93851908524214 41.996626930284584 41.06192829805485 40.13081260179332 39.201436162244626 38.27437198016872 37.35300011078433 36.44356450940942 35.55484740404556 34.69744795812023
32.67263856715907 32.81180709351062 33.12021880053166 33.61554559905198 34.303583150092514 35.17872962420356 36.22526307729148 37.419190544181404 38.7304290954569 40.12509142464969 41.56767983667666 43.02303594119334 44.45794228246105 45.842320793854014 47.15001685172919 48.359193759824336 49.45238907832338 50.41630093200838 51.24137990312219 51.92130166218669 52.452388860856814 52.833039912357634 53.06320897279464 53.14396735898652 53.07716313827471 52.86518369403986 52.51081634325213 52.01719486874754 51.38781516217743 50.62660087196937 49.7379996821175 48.727092191248104 47.5996978612591 46.362465713915725 45.022940966923244 43.589602276882175 42.07186742987909 40.480068005757715 38.825395630648515 37.11982388430979 35.37601076217345 33.607186869340275 31.82703433895088 30.049560932254213 28.288973010348705 26.559550182038492 24.875523530516332 23.25095848776115 21.699642722270987 20.234978872824207 18.869881615797738 17.616678393384987 16.487013135270885 15.491752444870777 14.640893953339003 13.943476827535804 13.407494710995017 13.039811644195131 12.846081725199861 12.830673417595516 12.996599484486282 13.345453530893389 13.877354087481233 14.590897088469603 15.48311751238594 16.549460893221255 17.783765396153836 19.178255204971357 20.72354609774333 22.40866429271273 24.221079915762793 26.146756750559067 28.17022024838777 30.274646054047118 32.44197149836426 34.65303256615159 36.88772872135887 39.12521761502696 41.34414108204905 43.52288292836387 45.63985781581422 47.673829080826906 49.60425160889549 51.41163398437863 53.07791212053184 54.58682454485365 55.92427758583672 57.07868701192966 58.04128135801922 58.806351393485855 59.371430095181715 59.73738823827175 59.90843244021299 59.891995290258436 59.69851112482949 59.34107606054443 58.834996982267924 58.19724111389433 57.445805269975196 56.599031467007606 55.67490270888794 54.690358783203926 53.66067606106092 52.59895679502714 51.5157715042118 50.418992094423416 49.31384298942703 48.20318270023885 47.08800934935536 45.96816166851905 44.843163486143276 43.71313690317588 42.579689930493146 41.446671363965855 40.32068217961213 39.21124145842481 38.13052768738904 37.09265378411702 36.112485103039106 35.20407058031546 34.37882232919314
33.751173913816544 33.83205335723221 34.027771754837026 34.376404783144366 34.905377125205405 35.62965821766411 36.55120888014409 37.65956327285808 38.93333645750708 40.34239224851716 41.85038764305456 43.41742358965545 45.00256944820512 46.56608146829308 48.07119545097075 49.48543306330029 50.78141432195838 51.93721173126545 52.93631249786652 53.76727382739768 54.42316349776732 54.90087553995197 55.20040126896358 55.32412156583639 55.276169556146485 55.061895679092366 54.6874511763807 54.159492358667336 53.48499727353785 52.67117883908856 51.725474026794544 50.655586940127854 49.46956415058123 48.175882854665886 46.783535729520835 45.30210025801214 43.74178430973835 42.113443541187614 40.428569458409264 38.699249611048984 36.93810328939234 35.15819728301308 33.37294679508244 31.596006594272048 29.841157052896847 28.122188999342555 26.452790433719592 24.846437232385412 23.316289092835486 21.875091214377115 20.535081615514784 19.307903575606066 18.204522454639566 17.235146072802035 16.409147891011006 15.734992388477428 15.220162245816505 14.871087177305002 14.693074485005305 14.690241610790462 14.865451129871285 15.22024876119446 15.754805074742814 16.46786166868467 17.35668268972299 18.417012697795084 19.64304204872539 21.027381197016133 22.561045608723816 24.2334533140028 26.032437501694403 27.944276934176656 29.953747299043233 32.04419686615578 34.197649929875396 36.39494143072 38.61588581465644 40.83948255505762 43.044159797032776 45.2080562675759 47.30933992944119 49.32655986773307 51.23902563910091 53.027205866914734 54.67313534532637 56.16081746462325 57.47660656221105 58.60955303475587 59.551692931886166 60.29826351231405 60.847827094904396 61.202287671517425 61.366788310556586 61.34948244328333 61.16117866208101 60.81486651487448 60.325139641376616 59.70754197817038 58.97787199105653 58.15148813078362 57.24266496661942 56.264052664152985 55.22629158228067 54.1378278455923 53.00496416119534 51.83216270155559 50.62259399114811 49.37889859739347 48.104099067511704 46.802570858879015 45.48095660942482 44.148892100569796 42.81940886476865 41.50889127860236 40.23649768570125 39.02300623652981 37.88911475913143 36.853305049705035 35.92946719896656 35.12455768560007 34.436622609793794
34.70049446501416 34.89461255148019 35.12472650431286 35.437448872680434 35.875695468666216 36.47426919652094 37.256595421118206 38.232823005413884 39.39932143334579 40.739448425205694 42.225347772844195 43.82046939644141 45.482481536953884 47.16626202152128 48.82670192860735 50.42111969861641 51.911156075207685 53.26409102541507 54.453585997004396 55.45990404312677 56.26969439042462 56.87544691493156 57.274727250984235 57.46929744376619 57.464213222729555 57.26697024341768 56.88675087375495 56.333802654868464 55.61896121315149 54.753315284355054 53.74800020013669 52.614098764934795 51.36262462699415 50.004562481238466 48.55094105420376 47.01291809076288 45.401860800061876 43.72940982072104 42.007519246834036 40.24846926076114 38.46485121893678 36.66952752202503 34.87557025709384 33.09618348797568 31.34461430286119 29.634057447028162 27.977557725316437 26.38791350026984 24.87758366803597 23.45859957154252 22.14248248803107 20.940166656574934 19.86192731560346 18.91731290347954 18.115080422585564 17.463132953493997 16.968458399082927 16.637068706515663 16.473939028759162 16.482946524023223 16.666808736500258 17.02702174896917 17.563798548914004 18.276008312578437 19.161117597124893 20.215134751554725 21.432559221277984 22.806337832353258 24.327830594099343 25.986789037187005 27.771350581084466 29.668052860914223 31.661872289938987 33.73629133228653 35.87339894834445 38.05402838886027 40.25793589368335 42.46402284759694 44.65060252496386 46.795710705173015 48.87745717853691 50.87441253766822 52.76602175154643 54.533032979919014 56.15792707978607 57.62533050184579 58.92239202959106 60.03910236310538 60.968535193990334 61.70698945156369 62.25401508412988 62.612309265707495 62.787476373959656 62.787653405313215 62.62301242257495 62.30516268472406 61.846486552044496 61.25945410164684 60.5559704098853 59.74681527666845 58.84123634442513 57.846751763460674 56.769206735167224 55.61310891153702 54.382240996862116 53.08051622399112 51.713006044016105 50.28703294581619 48.81318946142972 47.306122535430774 45.78491619616034 44.272919994603114 42.796909641036784 41.385530846653126 40.06706527289108 38.866662197904034 37.803290015365484 36.88676284126943 36.115271249293194 35.47387360643462 34.93436891232865
35.186765754228176 35.64292275628507 36.07421791034022 36.514111021357444 37.003093167111075 37.583184413079366 38.29252627450222 39.16073935155192 40.20552501834915 41.43076753051493 42.82617534760871 44.36831556968781 46.02276061206186 47.746988681128585 49.493657410112505 51.21389467680417 52.86030968982628 54.38950698781829 55.76397279249355 56.95328607503074 57.93467759481379 58.693014137351305 59.220320319712854 59.51496724898436 59.580658426144176 59.42533209142955 59.06007965010366 58.49815574265486 57.754130291778836 56.84320911995507 55.78072933374982 54.581819678035984 53.26120485078077 51.833126165431246 50.311348393463355 48.70922332141767 47.0397836250379 45.315845220644874 43.55010151424588 41.75519828545359 39.94378283172541 38.1285251381642 36.32211205839509 34.5372177480861 32.786454936862924 31.082312176231476 29.43708211938005 27.86278534708329 26.371093421829887 24.97325388106328 23.68001889452031 22.501578403577305 21.447497794542443 20.52665956668632 19.747208049318633 19.11649599215418 18.64103177940241 18.32642607422634 18.17733685921039 18.19741207591933 18.38922936367417 18.754232742121644 19.29266646833438 20.00350672651242 20.88439227924132 21.931555726114983 23.13975757765613 24.502225952953967 26.01060533244602 27.654918415987556 29.42354571188372 31.303227963939754 33.279096849042396 35.33473947734795 37.452302026599824 39.61263726823023 41.79549973001722 43.97979073749749 46.143853556781266 48.26581632975578 50.32397749477225 52.29722501682127 54.16547716182176 55.91012895094215 57.51448509423452 58.964157455212245 60.24740331001376 61.35538023074192 62.28229473056994 63.02542520027793 63.585005388267184 63.96396282177967 64.16751701438388 64.20265465838622 64.07751254329042 63.800712606819744 63.38070590650688 62.82519170435922 62.140682418230654 61.33228304998528 60.4037432401405 59.357820257671364 58.19696182790777 56.92427975101949 55.54474125722695 54.066459078960335 52.50191894075292 50.86895144919151 49.19124167870358 47.49818120729555 45.8239094791997 44.205466678190014 42.680086911341434 41.28179103285417 40.03757941010245 38.96365713066726 38.062224075920334 37.319404925549755 36.70485692536175 36.1734608271271 35.66926978242111
35.09981251536343 35.8510123710884 36.57936910590317 37.28455320621233 37.98157392912766 38.69770974202056 39.46764883070668 40.32776073560583 41.31041630997194 42.439134268655295 43.72510563742699 45.165382790325 46.742762621817555 48.42717803110798 50.17825916808554 51.94864336713805 53.687596696866876 55.34454884823684 56.872220423541194 58.229120085795884 59.38129236240056 60.30329216689338 60.978440308883286 61.39847053596911 61.56271181851302 61.47696138093723 61.15219810025347 60.603267068231254 59.847639312614916 58.90432047378546 57.79295242397223 56.533125188677325 55.1438948439054 53.643487132438395 52.04915640331894 50.377164591825625 48.64284441727798 46.86071370043496 45.0446125857991 43.20784148277417 41.3632838635574 39.52350402576783 37.70081510236723 35.90731673082546 34.15490479097096 32.45525752610418 30.819803302374275 29.259675417062418 27.785658938813135 26.408133750990284 25.137016952405176 23.981706696489553 22.951028534163438 22.053184445387963 21.295704045760132 20.685396956881753 20.2283050318806 19.9296530162675 19.793796277983983 19.824164435664045 20.023200029068363 20.392291792420203 20.93170259649475 21.64049270901893 22.51643967732162 23.55595685353964 24.754013348459004 26.104058995661976 27.597958703634458 29.225941328491782 30.976568859571366 32.83673220703408 34.79168013640492 36.8250878236094 38.91917101709373 41.05485080742669 43.211972449510064 45.36957951266022 47.50624184002756 49.60043242036237 51.63094441210202 53.57733538373592 55.42038159610143 57.14252118400064 58.72826180537684 60.16452618737237 61.44090851618109 62.549816292206934 63.486476542567495 64.24879245692495 64.83704668530547 65.25346050565811 65.50163325388004 65.58590278876154 65.51068384916972 65.27985501779038 64.89627435467489 64.36150615947706 63.67583442897843 62.83862053653756 61.84903251902903 60.70713152390285 59.4152496328621 57.97953669951005 56.41149841644661 54.72930184798079 52.95859763636106 51.132609633218365 49.291281022262375 47.47934601598847 45.74331766168536 44.12753802437151 42.669611942318575 41.395716720827814 40.31641827089388 39.42369701288769 38.68986402782285 38.06890741769622 37.5005436876763 36.916873354599 36.2510928947288
34.643818186988156 35.563789308256375 36.54299610779972 37.54345220712347 38.54030933081145 39.52516596655964 40.50592862126733 41.5037090882105 42.547653153691215 43.66878750668689 44.89395541653121 46.24073252245539 47.71393288606214 49.30399596204709 50.987242772904914 52.727744755660396 54.48038426883515 56.194607569030325 57.81837153760513 59.30184774002918 60.60055020408891 61.67767486876359 62.50555991627792 63.066282652927875 63.35149106929968 63.36162266162624 63.10468985175051 62.59481390550848 61.85067304833228 60.89400171385775 59.74824257378661 58.43741640164157 56.98524093841819 55.41450144623228 53.74665398212439 52.00162794566104 50.19778667740581 48.35200279158362 46.47980720711535 44.59557611391833 42.71272707976236 40.84390306318649 39.00113039400419 37.195943220782326 35.43947215615715 33.74249873742408 32.11547988639677 30.568547938587955 29.111492225753864 27.753727876122483 26.50425668100278 25.37162378073286 24.363872727779302 23.488500330051018 22.752411661883883 22.161874815247554 21.722474380255107 21.439062299365318 21.315704625167072 21.35562280939908 21.56112843884732 21.933550789359145 22.473157171000658 23.179066765272577 24.049159489247383 25.079982339155027 26.26665663970383 27.602790619189882 29.080402696780006 30.68986174630317 32.41985131507412 34.25736523758342 36.18774219219251 38.194746398197395 40.26070073639582 42.3666770062552 44.4927457395127 46.61828494619344 48.72234340401241 50.78404971911081 52.78305357776274 54.699980669371904 56.51687809229171 58.21762316025939 59.78826599827244 61.21727579275419 62.49566267796266 63.616952555233645 64.57700103523015 65.37364526189923 66.00620831472071 66.47488937825634 66.78009251143162 66.92176562369181 66.89883658619716 66.70884227776115 66.34784565756743 65.81072281211715 65.09187427856872 64.18637212952135 63.09149764242123 61.80855770585196 60.34479806650855 58.71516744396827 56.94363992647255 55.06378637454076 53.11831046121248 51.15734003350747 49.2353925922658 47.40710964789601 45.72206339474745 44.219154975070026 42.92131183517848 41.831311987038994 40.92957541285027 40.174635709522924 39.506723896541736 38.85447217528025 38.14422060175742 37.310858358272235 36.30865376442571
34.249613392538464 35.10265506073213 36.144088459727584 37.321832838714464 38.57983963650574 39.86896613092245 41.15476511251694 42.42127539544139 43.67076463845668 44.92008615713702 46.19477278800027 47.52217575005416 48.924891398346524 50.4154668782701 51.9930169062088 53.64199738418211 55.33303274473089 57.02542725848236 58.67082755766131 60.21744528791068 61.61428046515268 62.81488368153704 63.780331149088525 64.48123442910514 64.89874504010257 65.02462793949047 64.86055896751415 64.41684771938907 63.71080176958591 62.76493668051557 61.60520633089372 60.25938755953193 58.75570891603641 57.121771013165684 55.38376948283587 53.566003080520886 51.69062983494054 49.77762293689685 47.84487415872755 45.908394413808956 43.98256687973864 42.08041627386257 40.213866967551766 38.39397154548863 36.63109937902829 34.93508132283543 33.31531156441395 31.780810969426916 30.340258131608852 29.001995003183318 27.77401373788307 26.663930512730165 25.67895086966329 24.825829755084722 24.110828106834454 23.539666667531613 23.117476770069025 22.848747188063562 22.737265785914115 22.786054634671906 22.997297463394034 23.372258765950782 23.91119455137084 24.61325558013281 25.476384934711447 26.497212890648527 27.670953237260544 28.991306386838176 30.450375736174045 32.03860471715989 33.74474269063722 35.55584818199938 37.45733780085576 39.43308840118073 41.465598503280454 43.536212620092016 45.62540885700169 47.71314600099948 49.77926138413555 51.80390531051363 53.767992116116574 55.653642465392274 57.4445868919816 59.12649759237075 60.687214880989714 62.11683731430747 63.4076509915444 64.55388441618558 65.55129065692665 66.39657795120131 67.08673225001712 67.61829863846111 67.98671041328805 68.18577147751041 68.20740576291828 68.04178267920943 67.67790667631412 67.10471968097544 66.31270724571982 65.29592535330978 64.05428098660803 62.595815478690085 60.93866829180102 59.11235548528702 57.157997351269216 55.12718687020062 53.07931260255452 51.0773353427151 49.1822545199146 47.44676181338897 45.90882685471261 44.58614493098271 43.47244816029588 42.536595214390616 41.72508383617128 40.968177978987555 40.18924817380039 39.31627141437334 38.293842560206635 37.093649911881926 35.72129448909925
34.32707807730376 34.90338509055557 35.76713015130717 36.89742587769044 38.24272105563526 39.73461032144434 41.30235166038008 42.88527084800943 44.44113351480195 45.949649427583466 47.41129870808647 48.8424601661126 50.2682851324843 51.714884156072785 53.20222993409567 54.738817634365574 56.31866620904039 57.92078622613369 59.5108537856882 61.044560087899995 62.47196732123304 63.74218503455237 64.80776196669649 65.62833306006031 66.17323562405092 66.42298219330144 66.36962796598276 66.01618402326193 65.3752984208879 64.4674571910366 63.318952611711715 61.959835796415746 60.42202452279142 58.73768437822751 56.937949251421834 55.05200134844361 53.10649450956761 51.12527896438381 49.129370563408855 47.137101665598195 45.16439232312132 43.225087038897065 41.33131210202002 39.493819529035896 37.72229453790082 36.025613259333674 34.41204544899142 32.88940304686567 31.46513954667944 30.146407482642406 28.940082219637752 27.85276000020464 26.890737212518886 26.059976420527768 25.366063111317555 24.81415557676538 24.408929008211814 24.154513842461448 24.05442770856346 24.111500006698165 24.327788197090115 24.704485264731076 25.241818519415567 25.93894084587741 26.793816683307064 27.803106325728955 28.962053521652297 30.26438272573617 31.70221361262896 33.26600148100953 34.94451281395369 36.72484536615857 38.59250155949986 40.53152253275009 42.5246877801882 44.55378184532082 46.59992500192644 48.64395935059227 50.6668755135354 52.6502585113832 54.57672501555895 56.4303187275059 58.19682703276212 59.86398130547806 61.42150629965787 62.86099184154567 64.17557313347089 65.35942451498254 66.40709494118647 67.31274030090395 68.06933558134756 68.66797534326012 69.09738966340139 69.34380973578821 69.39130781167384 69.2227060132215 68.82109546788098 68.17193171081153 67.26557874442778 66.1000713805647 64.68376698988293 63.037480918725706 61.19566415084117 59.206206175420434 57.128544905753614 55.02994450300973 52.98005371913532 51.0441584119223 49.275851800730706 47.710109961505424 46.35791521027476 45.20355630635208 44.2055082673253 43.3013439485818 42.416486633096746 41.47586103697385 40.41677060526695 39.20078488225553 37.82222776613637 36.3111440948312 34.7294364166479
34.99043287983359 35.25452075045285 35.795681463580095 36.66544450943815 37.86466152537306 39.34991021917812 41.04710108790984 42.8684814200746 44.72924125746647 46.56068390476908 48.31812307975227 49.982982749840176 51.55972788277216 53.069062647523225 54.5392220769281 55.99717431031122 57.461231779642034 58.93606431600725 60.41054197719923 61.858317347582314 63.24065948447465 64.5108103628424 65.6190514739371 66.51771960483218 67.16555821448242 67.5309907253984 67.59411407120365 67.34740300316388 66.79526691734122 65.95270132912955 64.84332508987737 63.497098471516246 61.94798695909151 60.23178318110914 58.38423658731621 56.4395770994792 54.42946226395468 52.38233191074529 50.32312193158276 48.27326945292891 46.25093388501725 44.271359719666236 42.347314847221334 40.489549959816024 38.70723803891856 37.00836621240195 35.40006416624615 33.8888630699841 32.480886315017294 31.181978294829733 29.997780228782812 28.93376303373583 27.99522692301332 27.18727619941451 26.514776003715774 25.98229591200757 25.59404349891942 25.35378948048409 25.26478493549398 25.329670438380273 25.55037673751202 25.928016865476522 26.462770233243987 27.153760280264752 27.99892855351684 28.994909580455296 30.136912476496157 31.418616760320504 32.83209119182227 34.36774542854548 36.01432472936249 37.758957620729305 39.58726518555699 41.483538264463135 43.43098524995788 45.41204826418298 47.40877941819899 49.403261792467795 51.3780521855072 53.31661520160176 55.203711765233216 57.025700738105876 58.77071119283659 60.42864631411226 61.990988969464894 63.45039448824624 64.80007828166342 66.03303393708912 67.1411495271571 68.11432301631012 68.93970745544244 69.60123764931458 70.07959602837897 70.35276053534965 70.39723660441066 70.19000639940116 69.7111328691515 68.94684042326963 67.89277049166137 66.55699699457335 64.96230638130962 63.14722378427186 61.1653231221147 59.08250936206694 56.97220720446661 54.90871565288425 52.95935466448438 51.17638022593887 49.58990460700588 48.20315191070646 46.99123982590282 45.90427177135174 44.874863318106115 43.82938832365293 42.70135226551015 41.44457087012084 40.04345727564526 38.517877613448164 36.92081598555405 35.32845388424278 33.8240107268014
35.941479453051464 36.08892090348054 36.37211979445093 36.917863060094746 37.80831865053011 39.06950757950855 40.67225208959074 42.54354393462882 44.58445074046965 46.690010094352814 48.7669595910385 50.74631434540827 52.58933404149511 54.28693486619745 55.85380387129336 57.31919995856701 58.71664320784045 60.074474232487304 61.40874422295416 62.719233552856 63.98873871959759 65.18522415220126 66.2660705870683 67.18348317014267 67.89013129587411 68.34423565100066 68.51354272367695 68.37788083276102 67.93023117275831 67.17644237499758 66.13385179669609 64.82914798344362 63.29582295358708 61.57153259222762 59.69562356528792 57.70701059693182 55.64251136347987 53.53567709225058 51.416101144435174 49.309148083338954 47.23602202044212 45.21408356095316 43.25732651222488 41.37693532489157 39.58185875495431 37.879351651942905 36.275452904711955 34.775381901353825 33.38384750860643 32.10527221038578 30.943939733501125 29.904077575219723 28.98988683173991 28.20553116641556 27.55509519534224 27.042520488136503 26.67152517926702 26.44551116076846 26.367461189277492 26.439827116203787 26.66440989860572 27.04223207475944 27.573403954687855 28.256985810369734 29.09084975273907 30.071546626402352 31.194184985597612 32.4523308568044 33.83793833835344 35.34132190515757 36.951181330450744 38.65468915655203 40.43764841260962 42.28472460832463 44.17975083756464 46.10609814958473 48.04709542000499 49.98647424519935 51.9088056304686 53.7998874687725 55.64703630281961 57.43923511413859 59.16709243698358 60.82257836363707 62.398520995480204 63.887872876456065 65.28279012299333 66.5736051463781 67.74781325057671 68.78922854150031 69.67748867120159 70.38809334566017 70.8931408588867 71.16287442336625 71.16806331634221 70.88312550856713 70.28975772665727 69.38069244689412 68.16307276226551 66.66085406830503 64.91563591804602 62.985423569889605 60.94103065675922 58.86015745567715 56.8195845496122 54.886353662512754 53.10918674338714 51.511627505517254 50.08838577083218 48.806058302725106 47.60877384272227 46.428418283788766 45.198071704021366 43.86633796553884 42.40961771563888 40.839305175157 39.201539139804325 37.56852420753754 36.022378353358604 34.63457138633279 33.44575370878663
36.62621222739514 36.98191671103527 37.27344904622556 37.64955858716721 38.25360322423337 39.19288175573897 40.518734977311034 42.22043891248032 44.23232967772911 46.45077558168862 48.75605248813925 51.033983192998846 53.19313695838983 55.17501687384115 56.95650105774125 58.54542622581466 59.97132814879341 61.273868850881456 62.49141978442802 63.651772863989024 64.76620671782103 65.82733394853571 66.8104508707344 67.67760303832824 68.3833078603769 68.88082915865968 69.12803183635589 69.09209419162424 68.75265476913816 68.10326313249264 67.15124854865527 65.91629424958634 64.42810115626028 62.72355008547987 60.84374018176451 58.83121210101018 56.727575871398216 54.57167137840446 52.398306069661416 50.237547306486235 48.114499217088415 46.049465989466654 44.05839297236591 42.15348005443236 40.34387438344043 38.636367539058384 37.03604233612567 35.546833867895856 34.17198641684199 32.91440147581767 31.776882003828685 30.762284347220714 29.873592468224672 29.113929889206133 28.4865237852628 27.99463360891037 27.641454089744386 27.429999885466895 27.36297691275565 27.442643685663576 27.67066496229039 28.04795968886709 28.574545606224643 29.249383862465727 30.070228425727677 31.033486838552427 32.13410068799146 33.36545583386608 34.719333659215025 36.18591507426706 37.75384839998263 39.41039027421827 41.14162510590995 42.93276318813024 44.768510359078824 46.63349327633069 48.51271442862994 50.39200076805635 52.258400480542306 54.100475447384596 55.908434178167845 57.674053327341 59.39034712771981 61.05096451001518 62.64932378588829 64.17753369921729 65.62519481738852 66.97822204753881 68.2178708609695 69.32017817453136 70.25603437540592 70.99207662420307 71.49252842313335 71.72200391788019 71.64915151631004 71.25084257708046 70.51643884941089 69.4515272555658 68.08042831795912 66.4468010813785 64.6118113981037 62.649614118498285 60.64030996429579 58.66102988866723 56.776295839020975 55.02920270684383 53.43514634415067 51.9796843087171 50.6215999471176 49.30136001837623 47.95401935641604 46.524439355985464 44.98173250162055 43.32942875992618 41.60823371000297 39.88952195518801 38.259770635726966 36.79861575282776 35.555508081313576 34.53133805653807 33.671243480407995
36.60317223030761 37.39872259742371 38.01038660727506 38.52148193198807 39.06403436159809 39.783998470642004 40.80539176919288 42.20238436262248 43.985096063867665 46.10068296765216 48.4474648084107 50.89722560996579 53.319797953178075 55.604531460320885 57.6748274395857 59.494016422539566 61.06290172642528 62.410867917569064 63.583334779968666 64.62849954402873 65.58588052579834 66.47836955327848 67.30855554673201 68.05920293822659 68.69709860224017 69.1790882781266 69.45900986247862 69.49434894454436 69.2517166287459 68.71059928289715 67.86518167740019 66.72434509595391 65.31015883445102 63.65530665368238 61.799925607906204 59.78830064984347 57.66577714805818 55.47614793825065 53.259661678539345 51.051699997330935 48.88209151546451 46.77497539073981 44.749095476126016 42.81839548836449 40.9927910924438 39.27901130738438 37.681424181566776 36.20278610899379 34.844877339759385 33.609006141071056 32.49637963278791 31.508350290506 30.646553790646543 29.912956936765383 29.30983470120342 28.8396938209034 28.505157714032542 28.308824422419313 28.253106368078843 28.34005831762616 28.571198307434695 28.94732549846809 29.468338998541046 30.133062517512034 30.939081138537492 31.882598262223 32.958322619437105 34.15939681211495 35.4773797493025 36.90229519443461 38.42275702892124 40.02617840844792 41.6990664803661 43.42739664651353 45.197050643501434 46.99429144683985 48.80623606206592 50.621275969208625 52.429386107040926 54.22225896304551 55.993202915955514 57.736755714636104 59.447986629850675 61.121495139619654 62.750159189651825 64.32373918324062 65.82749947285922 67.24105922232539 68.53771882295227 69.6845150541035 70.64322674838364 71.37247444105287 71.83092943903816 71.9814753677864 71.79596460583704 71.2600107372157 70.37709423026197 69.17117622846719 67.68705783363016 65.98792170311539 64.14985862467118 62.25368993736137 60.374982803015406 58.57371508288643 56.88544670707842 55.31595566021061 53.840987142334455 52.41199851228386 50.96761655760898 49.44913597498493 47.81707243113687 46.06490591091599 44.226067269506146 42.371173840421086 40.59452270356376 38.99161108689266 37.632365505221856 36.53699249435076 35.662052476152724 34.90288613938857 34.11479742648628
35.88437225606667 37.060144880668915 38.125315790951724 39.036911567070796 39.82918867916919 40.601678426286675 41.48880726109765 42.62167160004524 44.093195045469294 45.93535843545337 48.112780062092014 50.532175409986635 53.063438807848925 55.566026289356394 57.91413704354581 60.0155469566142 61.82120491624013 63.3251568406604 64.55642699265543 65.56579867980716 66.41088497170101 67.14256435034804 67.7950118018092 68.38046891357594 68.8888311685206 69.29128103156692 69.54666592459876 69.60912904572007 69.43560024575113 68.99205662861742 68.25786842326393 67.22796389080382 65.91290860635031 64.33725805252668 62.5366934233015 60.554495639247136 58.43787276362068 56.23455900205825 53.98997753160046 51.74512894637907 49.53525023996164 47.38919705940731 45.3294390831517 43.372524264485946 41.52985830850466 39.80865518296163 38.212936236583886 36.74448360390009 35.40368307466312 34.19021890229503 33.10360587829041 32.14356136021371 31.31023169953011 30.604294215085982 30.026958427639418 29.57988980218689 29.26507682495523 29.084658841630052 29.040728494636884 29.13511940857878 29.369187370885506 29.743591841085347 30.258084237404038 30.91130999723342 31.7006326765384 32.62199003295303 33.66979373633395 34.836885610787206 36.11456363010548 37.492689745602995 38.95988853265136 40.50384020295736 42.11166352003767 43.77037362205419 45.46738712194534 47.191033018881086 48.93101436719911 50.6787543293754 52.427553712907304 54.17248820146844 55.90998507186933 57.637043576368306 59.350101575709985 61.04360280247742 62.70838114503047 64.33004431769012 65.88759971293169 67.35260774433996 68.68915851863983 69.85493251751615 70.80351470046669 71.48798043684396 71.86556772366704 71.90301330918612 71.58189506761775 70.90313633373503 69.88974410830218 68.5869238304047 67.05897500857714 65.38283043169032 63.63871961274085 61.89912650746963 60.217836619693756 58.621262864769385 57.10423805152157 55.63194578690129 54.14860757064389 52.592064525024355 50.91175293029296 49.08616856869803 47.13519944225404 45.12307588905669 43.14933933059839 41.32803671053725 39.75878289506356 38.49651785636088 37.5286576798947 36.76795311875871 36.06625830615964 35.248897131117516 34.16263857013205
34.976626625592104 36.17554164956809 37.51472932867736 38.85248940161196 40.090810924814264 41.206392829462985 42.25387817658502 43.343841182634876 44.60527278808382 46.14536053516916 48.01817981528606 50.20968462961959 52.64089780398395 55.186200185059334 57.70033191550614 60.046642730451865 62.120073656094505 63.86066276404649 65.25620070472817 66.33524587560547 67.15351266863283 67.777443046419 68.26861508207317 68.67178063092513 69.00809575617345 69.27384227996535 69.44389193601029 69.47848327124655 69.33160448128788 68.9593550867347 68.32699463064111 67.41385676126072 66.21579975657355 64.74529355934615 63.029556511168266 61.107333237109984 59.0249564140334 56.83228504476763 54.57899431946187 52.31154165440956 50.070979556925344 47.89165011044544 45.80069089034613 43.81821284178179 41.95797570758856 40.228380520807384 38.63361392955603 37.17480774334576 35.85111188417747 34.66061414933905 33.60107182165772 32.670445845542034 31.867247097698257 31.19071637499914 30.64086597102358 30.218412378163684 29.92462811838822 29.761137289824156 29.729675247208462 29.83182879066411 30.06876992899384 30.440994061448492 30.94807240231516 31.588428569005934 32.3591502073438 33.25584793407047 34.27257521619498 35.40182347304056 36.63460602479351 37.96064187032267 39.36864508292821 40.846717463416596 42.382830873066474 43.96537169489137 45.58370400651228 47.22869182437546 48.89310644833422 50.5718354228477 52.26180834811501 53.9615652527844 55.67041856136372 57.38720172588683 59.10865611010959 60.82757946962482 62.53093736726584 64.19821203859853 65.80031683574724 67.29942136063228 68.64999584609 69.80128012524946 70.70120771485243 71.30157696113822 71.56398311402825 71.4657496848759 71.00488211808528 70.20297769511562 69.10512479051752 67.7761535995878 66.2931616412324 64.73497800015713 63.17003474027784 61.64480970590881 60.17538728357526 58.744559414120644 57.30613469339022 55.79674575904147 54.15362744769294 52.33494918486257 50.3378343764652 48.208730962072806 46.04173034213089 43.962885267657434 42.1022275230251 40.55922598694675 39.37067527447754 38.49119622915239 37.79472064367109 37.10035000140846 36.21872082566394 35.00744936187411 33.41899445132084
34.53437627133776 35.3385620498403 36.54341401955729 38.03137676059447 39.63682239553386 41.210147221292594 42.66715011089188 44.00976899282003 45.31568380993558 46.70442240995283 48.2935321476692 50.15914631004706 52.31170172294463 54.69157951710743 57.18324099169029 59.641776427154724 61.92360939647223 63.91345143970549 65.54185265416226 66.79087184968455 67.68852043949704 68.29498591935285 68.68484431172766 68.92951439884219 69.08334485339921 69.17535116779264 69.20713797893006 69.15627955868166 68.98358431614002 68.64230099473176 68.08738733225627 67.28333860806184 66.20961860607463 64.86331204321138 63.259119836431516 61.427182794681904 59.40942255178257 57.25514098078524 55.016552707710346 52.744781299884544 50.486669980522706 48.28257745740531 46.165173693242544 44.15913338440629 42.28155111062712 40.54286880763381 38.94810599467665 37.49820651710469 36.191352752971504 35.02414080735869 33.992551655595406 33.09268914948127 32.32128395320269 31.675982179024324 31.155449307140874 30.75932521121162 30.488066438250037 30.342709024346394 30.324580619121768 30.434985807119396 30.67488417456964 31.04457744368137 31.543420121388188 32.169567528510626 32.91977547965846 33.78926675656373 34.771680177954934 35.85911772723249 37.04230301988634 38.31085958195552 39.653709329213186 41.059579940135514 42.51759462067123 44.017899816640124 45.5522672827867 47.11458899973057 48.70117005832562 50.310719833246104 51.94394989128709 53.60271214392658 55.288655544771274 57.00144460187768 58.73666507234165 60.48363387598715 62.22341891274672 63.927442768077064 65.55707168199497 67.0645567864923 68.39558173579624 69.49347232717774 70.30484779023237 70.78616847400286 70.91031107988913 70.67205006213423 70.09122242564003 69.21247779644308 68.10091500002787 66.83357975415156 65.48767581419582 64.12727678082413 62.79110287946746 61.48429743948713 60.17687637007744 58.81050348747436 57.31351021570589 55.621897518585186 53.70192002612671 51.568394610903894 49.292733137957065 46.996296568841586 44.82800537024227 42.92964902107276 41.39687773130548 40.246937630888254 39.404393120022135 38.712538380327025 37.971213921355265 36.99294549473896 35.661485262549206 33.97312848323824 32.044011625142275
34.84122752387828 35.106271934843406 35.82502193000434 37.04437554205815 38.67313221438412 40.532572661361215 42.428617342842394 44.21793916651622 45.847053232631694 47.35580148743517 48.84954248020438 50.4534758550908 52.26576499298978 54.32368302763376 56.5908123042323 58.965989121254964 61.308557852489145 63.471044409758385 65.32995054194114 66.80745729149143 67.88031998639933 68.57594255191682 68.9585740294941 69.1102336693391 69.11124752861154 69.0244254407398 68.88537540784245 68.69973376937781 68.4465904894242 68.0863643568292 67.57092224758719 66.85379098787584 65.89874158223122 64.68565942776976 63.21328519430814 61.49899214425168 59.576180820015054 57.490095506295894 55.29291300571103 53.03886299103485 50.779961504232176 48.56272516075159 46.42602450533819 44.400059165285924 42.50631003758792 40.75824829351326 39.16255260823336 37.72059478541269 36.42998789577452 35.286038560845725 34.28299630534053 33.41504077297273 32.67698755928199 32.0647233883291 31.57540117305426 31.20743627894336 30.960348923257975 30.834496224518098 30.83073303200591 30.950035076522568 31.193112534225993 31.560037662863134 32.049907175333466 32.66055846367624 33.38835832083187 34.228082775556736 35.17290618257459 36.21451578362185 37.34336353386464 38.54905913683331 39.8208962907852 41.14848794133168 42.522466383263954 43.93518180151985 45.381310812599786 46.858268422895804 48.36630721839492 49.90819180533412 51.48835969019932 53.11152591874149 54.78075939107489 56.49515136424778 58.247303448463775 60.02096942401424 61.789272419775415 63.51396187330162 65.1461475871219 66.62882959567214 67.9013218667453 68.90535269442834 69.5922469733199 69.93021450606508 69.91046738452961 69.55076500810469 68.89512834320983 68.00893439153391 66.96939534766905 65.85245725642831 64.71823771155904 63.59799775480242 62.48600942122392 61.339274775681496 60.08674338161926 58.64755272973437 56.95524595822778 54.98253014887935 52.7597059234149 50.380152807469614 47.98860623719379 45.75225275623947 43.8200300664697 42.280436304060274 41.130812055631736 40.26991660533574 39.520085640558534 38.67622899900685 37.56890866550626 36.12133071276522 34.37883977519472 32.496405006644 30.68372414143885
35.53170796501024 35.54787605082057 35.77922700723593 36.47157898836809 37.72819328801834 39.49068900986284 41.57808761852053 43.7619109992154 45.84608883714045 47.72389763151477 49.39655078957303 50.953347952720684 52.52575769291741 54.233942468627035 56.14338509255262 58.243170443357386 60.449092136863996 62.627079016573916 64.6275521885214 66.3200101344228 67.61897723341944 68.49624581887974 68.97865792369014 69.13428644862384 69.05204494547638 68.8202860356544 68.50909666637108 68.15928570180736 67.77907490656082 67.34774715133932 66.82429429958448 66.15855860935169 65.30242180660241 64.21910073816133 62.889348621641346 61.31413838789422 59.51406889830851 57.52619825242317 55.39924432374977 53.1881221940946 50.94866199373905 48.73313109352792 46.586931169097745 44.54660087819451 42.6390600863587 40.881896854970236 39.28442536398661 37.849223692470474 36.5738817771517 35.45273715381168 34.478435560521234 33.64321412337166 32.93985897979429 32.36233245400307 31.90609572558767 31.568171859728324 31.34700296347217 31.242156619634194 31.25393326946547 31.38292025102098 31.629531650335213 31.993567291720716 32.473819772014316 33.0677555436725 33.77129427886608 34.57870929387678 35.48266957302689 36.474439633557495 37.54424585159213 38.68180587157688 39.877000757005064 41.120647763932595 42.40530622090412 43.72602245318076 45.08089588992583 46.471332690722264 47.90185166449651 49.379326411430284 50.9115930328357 52.50542742770349 54.163998754962705 55.88402854167818 57.65301314267713 59.446978104832965 61.22929757110718 62.95109882987175 64.55365383192745 65.97292025153249 67.14603983658293 68.01916589724117 68.5555426485663 68.74239503226474 68.59502480282242 68.15665791358239 67.49312269112397 66.68235734615808 65.79994451503272 64.9031290827985 64.01677477423267 63.12509469530486 62.17244337043388 61.0748439279849 59.741382913541784 58.10161374434188 56.13245134550185 53.87665277174717 51.44568651503967 49.00297783144342 46.72882187529031 44.774458521591804 43.217973731835585 42.036692675599205 41.107972001156426 40.24256073869976 39.24366065704989 37.97397438880054 36.406796342789164 34.63928862036437 32.85764825271137 31.262212305017258 29.97917894639826
35.838950711157224 36.136147372418264 36.28066286269386 36.57892348380537 37.311078194717936 38.628724156790675 40.510150234169785 42.782854341255515 45.19622465620876 47.511448808414336 49.574750000055786 51.351396954205796 52.91509929904938 54.40322598591371 55.95766021208951 57.67225235628803 59.562107163419604 61.56061460613281 63.54085971440786 65.3516083526803 66.85573352019168 67.96047852349861 68.63305601484392 68.90005673570745 68.83346969644256 68.52882729543884 68.081778844228 67.56852327321914 67.03360047757306 66.48625410951186 65.90454008500988 65.2449524203211 64.45471395285387 63.483968939894226 62.29571857103933 60.87220807390478 59.217370410153734 57.355681385264575 55.32828645311723 53.187496120506715 50.99074616529988 48.794945466342995 46.65186382295167 44.60491459645163 42.68741598728273 40.92220361959714 39.322329735331046 37.892519058991226 36.6310463414352 35.531738671061106 34.58586895325323 33.783779713946274 33.11614652666089 32.574850078505094 32.15347130215372 31.84745439844703 31.6539994585514 31.571752536358165 31.60035966603988 31.7399455893123 31.990570460167415 32.35171041044207 32.8218016601658 33.397883129574474 34.0753688437578 34.847977838456714 35.70784440243921 36.645823767620946 37.6519962926433 38.71635566851479 39.82964333171625 40.98426284349409 42.1751767009401 43.40065783260703 44.662744621440226 45.967238900352335 47.32309893027435 48.741121294780186 50.23188193808872 51.80301760596953 53.456068118316054 55.18325173162186 56.96468525098653 58.76665405781739 60.54154692411109 62.22996106733484 63.76523146236752 65.08024587446452 66.11590865151716 66.83008781246447 67.20543564344548 67.25425157756315 67.01869317498446 66.56522959227519 65.97327790850159 65.31934659066668 64.6594712604595 64.01388495041982 63.3582874759439 62.62540235706626 61.71858148524393 60.5362270358146 59.00234713078282 57.09560612249385 54.867888732450375 52.444601202903414 50.003020927958815 47.731386132497505 45.77846172351787 44.208636567935116 42.978735335736246 41.948096569934435 40.92335660939665 39.72640404685005 38.26272089386414 36.56297841719261 34.7769250282939 33.11520188329911 31.756845468074875 30.75903468293123 30.011435237249596
35.235214383588854 36.13454314457694 36.70522199923158 37.081112258219804 37.53603126685137 38.36278415213809 39.752076115702835 41.72160942951703 44.1180086410012 46.68197929887063 49.144119094434814 51.312294927825434 53.12074734273443 54.62952821478462 55.9819828729502 57.34086506188446 58.82717220612666 60.480701255568604 62.2511460225471 64.01763674920491 65.62652740590792 66.93380275487972 67.83968190025786 68.30744277538437 68.36419096429768 68.08639538512097 67.57629092229749 66.93628102115316 66.24753455095407 65.55676675999453 64.87256063656368 64.17024287611183 63.402737876645624 62.5141470722014 61.45295314312955 60.18248524573187 58.687301179765264 56.97516927191023 55.07516684341806 53.03294838209462 50.90445727533491 48.7493067709365 46.624820867703995 44.581395358105624 42.65949401687068 40.888294035655136 39.28577215828293 37.859889541772944 36.61048271869193 35.53148301452871 34.613145754290585 33.84405233599086 33.21273503713546 32.70885355581837 32.32391629329535 32.0515853380963 31.887632530053637 31.82962758596112 31.876441847919764 32.027646728106774 32.28287785604131 32.641226917493285 33.100714809556294 33.6578925807513 34.30761028880406 35.04298723813909 35.855608386053966 36.735959163708486 37.67409286174664 38.660500028297854 39.687118093136036 40.748383360962286 41.84219033798453 42.970591039498345 44.14004753141879 45.361053955769805 46.64697921742298 48.01205591408116 49.46855785389814 51.02336287097751 52.67427456455412 54.406649196986606 56.19100432520736 57.982328637797494 59.721723304568485 61.34075136154326 62.76844673482046 63.94037164382635 64.80849237867447 65.35009930752769 65.57369153529629 65.51984574412988 65.25571265272353 64.86295276552592 64.42050586044394 63.985284367758666 63.575239797218046 63.159759972415635 62.66157779519302 61.972129668471375 60.97883068383664 59.59876735508333 57.81000482630381 55.670385868704216 53.315419787260915 50.93191337831789 48.71152293925102 46.79632060896185 45.23386958519742 43.95938783988261 42.81585636509772 41.61029941375114 40.189634578728324 38.50822756530886 36.657454095847484 34.838420856746936 33.28078671641305 32.13589984223805 31.389988776715573 30.842429134980144 30.171056394375086
33.93889123036992 35.221516029360046 36.40292214449597 37.31542336322849 37.99803666529382 38.669621374008294 39.618057367949184 41.06553864457211 43.072024134347764 45.51353422761501 48.135379643129966 50.65003230430197 52.83637921364391 54.60328121894147 55.999494777286145 57.174283972251914 58.309634007176015 59.55112015043642 60.960239691542306 62.500034093990195 64.05320196199148 65.46206221067717 66.57514531712678 67.28609049648736 67.55539431925627 67.41206556375039 66.93816868901888 66.24308801298771 65.43557804805312 64.60058951072476 63.78531007043334 62.995827103994614 62.203155909887954 61.35561259869937 60.39382015785739 59.26489710316996 57.93328812681672 56.38689466906487 54.63832969252971 52.72203230305068 50.68852709067001 48.597295628547485 46.50961089684402 44.48237322064746 42.563587275347686 40.789725362893776 39.1848955247886 37.76150644583429 36.52200035216657 35.461197181549 34.56883466192022 33.831972858583214 33.23703369648931 32.77134669870156 32.42415896849491 32.18713377525595 32.054406560587616 32.02229188894713 32.08874396470926 32.25267165367328 32.51320101255803 32.86896773507782 33.31751098307381 33.85482974035258 34.47515280118188 35.17096246679566 35.9332979999705 36.752345716809856 37.61829647938738 38.5224174959844 39.458244607881014 40.422756797441785 41.41735236058554 42.44841469296329 43.52724584401704 44.66916974667818 45.89167491557528 47.21158464998893 48.64140958754755 50.18523941982734 51.834740130098965 53.56599831421882 55.33804219531855 57.09381438391586 58.764129296132694 60.27470079983375 61.5557003560182 62.5525879613546 63.23629341729245 63.610405656338685 63.713055097179286 63.611804656629225 63.39114221931278 63.13395877631237 62.90036210425582 62.70879149444492 62.52505377301154 62.26406871411524 61.80656800739366 61.02901141079176 59.840438863982044 58.21624718646749 56.217524938052804 53.98680949646717 51.71720172819646 49.60053369621892 47.76913728315227 46.2512369190497 44.95892056456303 43.71865202946959 42.33901364027085 40.693740822351735 38.78715628701519 36.770311833255775 34.89211810793982 33.396709251309815 32.40595877375846 31.840892933178612 31.427051943111532 30.795382141577875 29.643698138674225
32.78506766531439 33.8240905599366 35.25795328623228 36.7520097019998 38.041712156893674 39.06335022039944 39.96804290109995 41.027818960826735 42.49200051592686 44.466120731124434 46.86465664015671 49.44900484090475 51.924334140083054 54.048796273038754 55.71087549432312 56.94998795961426 57.920787494641914 58.82210442181434 59.82045891814492 60.99480867878505 62.31739445438423 63.67112024191365 64.89223517881484 65.82134618189981 66.3464600832857 66.42716169274304 66.09646375534854 65.44367574400293 64.58604362097067 63.63827156732947 62.68772258489065 61.78010736968419 60.91698573386529 60.06341030049863 59.16213556556963 58.15016498460342 56.97383762534416 55.59978675196248 54.020506181930784 52.254569375535944 50.34251957417787 48.339985429505894 46.30969240569323 44.31383080937516 42.40783595016168 40.63616188314933 39.030188640350374 37.60805828430715 36.376015261181955 35.33072941026235 34.462084011729694 33.755985429175745 33.196863174444495 32.7696521094961 32.461161981207255 32.260831625522975 32.160931211188164 32.15631647087588 32.243858053207624 32.42167255008169 32.688275123170435 33.04176174787089 33.479115167421014 33.99571422778179 34.58511122556328 35.239124805625735 35.9482745383961 36.70255518903547 37.492512108555076 38.31053390237211 39.15222673432069 40.01768159875269 40.91240043175698 41.84762107591571 42.839789008658926 43.908979385610046 45.076186743412116 46.35957409388558 47.769997920909866 49.30637404225928 50.95167665443946 52.67050890185882 54.40918050311637 56.09901608722359 57.66316386164731 59.02649420054179 60.1273555555173 60.929149358858325 61.42911697889748 61.661644480344656 61.69398788662773 61.6136825117753 61.50890184393332 61.44530220348798 61.4448263029977 61.47281850400813 61.438985814868026 61.21492501953058 60.66642285832398 59.69353449197479 58.26717923174071 56.44950247242798 54.387948139255734 52.28011017317711 50.31652907257469 48.61851113577882 47.19366398015866 45.92958063420232 44.63471594469017 43.11744864615414 41.27589884933608 39.160648841349015 36.97713638727461 35.015895230582515 33.53084498787861 32.61511820177755 32.13475141840514 31.7627281658521 31.111925165924465 29.913249480190185 28.15184583427314
32.483665104086015 32.80225458094001 33.850169693889356 35.461037576315235 37.270567909621334 38.92755601408114 40.26859039415924 41.37454577400552 42.49794115616346 43.914236910068 45.777723360023316 48.04790938832111 50.51028437718873 52.87020983241579 54.87083408489252 56.38373119831414 57.44015267078487 58.19920099906258 58.87376892710586 59.64713208381583 60.61078498402162 61.74138911420789 62.91832999091251 63.969802809256244 64.72848961319738 65.07846804313279 64.98111229326099 64.47623110229193 63.66242913189447 62.66559090511749 61.60575648253696 60.570972217835966 59.6031678607652 58.69711963514742 57.81024041486634 56.87894229326666 55.8367821596566 54.63027052944562 53.229627172082324 51.63339760020581 49.867290149136934 47.97860223611867 46.02809159408899 44.08116256338746 42.199908882948364 40.43704134958972 38.83217699963566 37.410484460954464 36.18332998379714 35.15036976001645 34.30247362087917 33.62491099437142 33.10034289662393 32.711306534637615 32.44202220532505 32.27947586056948 32.213824898609715 32.23823725395332 32.34830793144897 32.541208930757904 32.81472499722182 33.166315007329835 33.59232151319628 34.08743134589708 34.644468424942076 35.25457456310452 35.9078026310878 36.5941064505278 37.304661778525144 38.033393545155185 38.778520276845036 39.54386570446359 40.33964256093524 41.18240067865463 42.09386824733109 43.098516782596576 44.21985499433827 45.47569920630411 46.872954518341764 48.40272581165231 50.03679431729222 51.72656370892574 53.405421405764436 54.99502264152044 56.41528550867599 57.596960350905924 58.49467302176356 59.097587358875494 59.434579138743416 59.57132278342343 59.59809566342714 59.6093063598392 59.6783598192923 59.833803024897044 60.04389858169643 60.21606480897778 60.214595539098234 59.89501604401963 59.14748515782301 57.93670722943685 56.32404204998567 54.460566880091804 52.54803155767862 50.7762022212464 49.256241185841624 47.97568288377248 46.79716078885167 45.509171906192336 43.916191045102025 41.93514520407218 39.65546362164886 37.32821791431034 35.276923473568914 33.75952795816584 32.841317059109464 32.3442083488261 31.910040466680236 31.161301886193172 29.886700793215113 28.15305221743771 26.271392058218378
32.91015446281431 32.682781681511024 33.005481023054 34.11978558183829 35.909409521518285 37.99639174534031 39.960420206062075 41.55089901289746 42.784745319331535 43.89723092137321 45.19106565254994 46.871041108908486 48.94444125658677 51.224112081519706 53.418762786573524 55.25914128325019 56.601666918205055 57.47002936255195 58.02688809254316 58.49660034733266 59.075050600107645 59.861226655844874 60.83131159837195 61.85753655742795 62.75848343459005 63.35964952806644 63.543785480716906 63.27758394107606 62.610991234632095 61.65411620505513 60.54204045826153 59.39905381438351 58.31161339752897 57.31512874417341 56.39513403165407 55.49979732350356 54.55871324031403 53.502604901541766 52.27955606399949 50.86512175656327 49.26553600343489 47.51479713188459 45.66741492642958 43.78899575060347 41.946714295435484 40.20124616164473 38.60110398206105 37.17969375123395 35.9548986056971 34.930659219462086 34.099859678886574 33.44781821670168 32.95577933913586 32.60396004769128 32.37387651055354 32.24983829044149 32.21962708692782 32.27446890632856 32.40846382753089 32.617662239575445 32.89897872579364 33.2491224727224 33.663702159379156 34.13663712376932 34.659975967669666 35.22418728919908 35.81894241304394 36.43435445883114 37.062571158553155 37.699543046051616 38.34671111349772 39.01229122232673 39.711794014693034 40.46742967622014 41.30612726123835 42.256063218369526 43.34184525289627 44.57881761609992 45.96729843061176 47.48785776121312 49.098904646360566 50.73777423544276 52.32611406231676 53.77963494467905 55.02127577963809 55.99569909248176 56.682058503476775 57.10150202342183 57.316226951398235 57.418287605296456 57.50872837945926 57.67057685784387 57.9420321040102 58.297830474654326 58.64630223896949 58.846489094177514 58.74410626942618 58.218352503200265 57.22576708370896 55.825063139422625 54.17014500727023 52.4677362310554 50.909183303831554 49.59863704499061 48.506280294923606 47.47087175016949 46.25949796602671 44.66834988171162 42.62596604078483 40.25115758703403 37.829931192156906 35.70860612950072 34.14214408879016 33.1673222701954 32.57016450944755 31.978509650321858 31.046563374843426 29.640267343510562 27.916599271088636 26.235963234785434 24.939845572260637
33.1607996334033 33.12436834465795 33.06086117209651 33.47903356857004 34.68369286579549 36.61326805475157 38.89503881077714 41.06218913835886 42.79560129899766 44.060006058433004 45.078900452604266 46.18345887426728 47.62789885351199 49.46530184437988 51.53392526847476 53.54457067019503 55.21534827059595 56.388127206734396 57.07976696672774 57.456351356633206 57.7519122190601 58.17134191503398 58.8163569706236 59.65797359281495 60.55800739136778 61.32452752821405 61.77747804811341 61.80180957670198 61.373771916232386 60.55709287245612 59.475427787659115 58.27306406252164 57.0767173648165 55.96829030257381 54.97348132465763 54.06601921778644 53.1834607772856 52.24859400692607 51.19050460652102 49.96077664735529 48.54239480925738 46.95102228190838 45.22996714524089 43.44109160425357 41.65415817138991 39.93679430486509 38.34661316882892 36.92627452603486 35.70158114438255 34.682189960440176 33.864214390009536 33.23389301301626 32.771556299040405 32.45527981632912 32.26381405468932 32.178583300688544 32.18471965185624 32.27122868523259 32.43046779449349 32.65716192945276 32.94719342383209 33.29639233865629 33.699529077245764 34.149676758746146 34.6380685764796 35.15452413066677 35.68845622878254 36.230394086637624 36.773870955444565 37.317429184896454 37.86640492394967 38.43408600590931 39.04181359189489 39.71764674325104 40.49335178384217 41.39972626428608 42.4606111255417 43.68634585576061 45.06780813513305 46.57244940107647 48.143772440461696 49.70538860899387 51.1700810116763 52.45321671706748 53.48855097109532 54.24323859461958 54.728103907255914 54.99933121365946 55.14902089499347 55.284541111991466 55.499922962499674 55.84588861962842 56.30732903029736 56.79698528835874 57.170967520788665 57.26568168650165 56.94804266603299 56.163985341000476 54.967247848731525 53.51365519024344 52.01629068539789 50.6717845481706 49.58237569626269 48.70579598912168 47.85990288397997 46.790133565803565 45.28046208265806 43.26376155589786 40.87856898020689 38.435137917554385 36.29253232868659 34.695305651937915 33.64910334744326 32.907799206456716 32.09510269629341 30.909970426795386 29.306619617920767 27.53650220499369 26.006425437291863 25.01697648669745 24.535329578640695
32.43045848181123 33.18813390977637 33.50818424143086 33.695590111931146 34.244532879927 35.51220001794191 37.499392316128315 39.85876193121573 42.10069967549612 43.857729431822584 45.05550523744999 45.91140303255006 46.784574941485815 47.974000831057424 49.57186369231122 51.43521876812328 53.27218621682087 54.78623480163819 55.805222092904906 56.340979773812464 56.56433982128448 56.71845944081025 57.014407829503355 57.552257448637334 58.29346882724783 59.08666096009145 59.72925483941869 60.038211607966296 59.905066939122165 59.320369412320275 58.36525065970187 57.178413229513254 55.91246935954661 54.69377073791813 53.595934051622834 52.631383964060944 51.7595671082251 50.90653889143228 49.988993053190775 48.9362983462065 47.70603118503495 46.29098804020391 44.71797717397402 43.04034142598762 41.326968311304654 39.650566060390105 38.07744382728076 36.660204838680976 35.433892388696165 34.415399861769885 33.605462344319065 32.992308068466656 32.55602814139867 32.27285921117164 32.11879564326814 32.07219390150378 32.115257500101094 32.23447031068518 32.42016984024663 32.66552288189535 32.965192889717386 33.31398281107007 33.705708859408865 34.13251649044439 34.5847925214521 35.051756695307795 35.52273044401742 35.98897955757937 36.4459140034287 36.895311537697076 37.34712910684525 37.82040234407545 38.34273921168307 38.94801959516726 39.67214044790685 40.54699838255758 41.59334986946367 42.81366542984412 44.18648994279437 45.66399869591538 47.17425781211164 48.62905734307951 49.93707565453924 51.020683433383034 51.83319694269511 52.37227874681379 52.68495724079486 52.8608066855293 53.0123383156849 53.245295233669 53.62548233430811 54.15171529441127 54.745021467556775 55.261326306885 55.5284281990099 55.39941489734197 54.80652590506092 53.79532231394728 52.521922155728916 51.206981793217324 50.056736694396704 49.17798843158535 48.522740039135094 47.892747794611324 47.013050333851794 45.65258009639547 43.74228185890148 41.432111721787145 39.047783834865626 36.95316293931516 35.376289139936105 34.28814637966221 33.40984268488026 32.36273347967527 30.892944579343276 29.04360956775526 27.15833797186437 25.68757306582409 24.894740962016282 24.644160606737557 24.42882280572625
30.890839277179833 32.2556569820617 33.42655280571232 34.14148970656896 34.588055693782906 35.234441263125 36.48794222486788 38.42119453769852 40.72997649029913 42.92189300894248 44.598058478824385 45.6558377093048 46.310122898415884 46.945058244053456 47.89642455119525 49.2851067640583 50.97710131174047 52.671134576509964 54.053773952468546 54.940584869196684 55.342092085989364 55.43706756716553 55.47853340743404 55.68151162418563 56.140244182869324 56.802417514639025 57.501131200110024 58.02382162096601 58.187975245542404 57.8968378565381 57.16023784873157 56.07994031776523 54.8102626823348 53.51006125514308 52.30141707408517 51.245200267165764 50.33682531774895 49.519357140596306 48.70723277211931 47.81269113347208 46.76813446954807 45.54016353282337 44.133924058720716 42.58886711313737 40.9686002824555 39.34808269848584 37.80115258566153 36.390571517798236 35.16175106092624 34.140364896195834 33.3333158331958 32.732093775674166 32.317417043314485 32.06413299707552 31.945580669850173 31.93690639403703 32.01710855922157 32.16982782348424 32.383074601048385 32.64819391174469 32.95841688430566 33.307351033076024 33.68773019597169 34.090688730477574 34.5057479023326 34.92160652456254 35.327712629707236 35.71645989062015 36.08570848930577 36.44119024400143 36.79824691349359 37.182302424573535 37.62752241035337 38.17330179192641 38.85856047448984 39.71430478304284 40.75547011128393 41.97358984864219 43.332184013369705 44.76675503825406 46.19076896154779 47.50792354282819 48.62944409576073 49.49337904759195 50.08135698988046 50.42759943450981 50.61570553110217 50.76112756183098 50.9811469038002 51.35871901973163 51.91037665666844 52.569778508965825 53.19607637809155 53.609663293644545 53.648269547205274 53.22673004176134 52.37810180986039 51.25590688307624 50.088666544612636 49.09633887790966 48.39737939771207 47.94600819641322 47.53411044579717 46.86888161513802 45.702546826179045 43.95923074929243 41.79411803008216 39.542751638746836 37.569682927223084 36.08367053494904 35.01867717390307 34.05995373436781 32.821686380456626 31.08993362364413 28.987106206762395 26.93873672890804 25.432852489191283 24.70123765616368 24.528935752427344 24.343783228565435 23.56219011417525
29.60146598861238 30.71956939951621 32.38276083405806 33.94669506317807 35.006512571466416 35.64056074421425 36.29412327177944 37.42836231467868 39.195331345417195 41.3449558282015 43.3941191888715 44.92292215412168 45.80693468071202 46.25962499235186 46.685223524614855 47.4463881398403 48.68034557234442 50.25081222924229 51.84025876492656 53.11732788329762 53.88921453360011 54.17123496266815 54.15509599987572 54.105290649501626 54.23863292800496 54.63908383386399 55.236267933043635 55.84586254166387 56.246837550499905 56.261660996635435 55.811017673213954 54.928935083594865 53.74024847909793 52.41414245772302 51.11218993264796 49.947139058068956 48.96209764093865 48.131886833004735 47.38184753812034 46.61578281282931 45.7442405788135 44.70626871450789 43.48094333981115 42.088228356536916 40.5812382454354 39.033352668939706 37.52387481751807 36.12530821055525 34.894235840122505 33.8665933913137 33.05711152195971 32.46201210436604 32.063715239054275 31.836299301692218 31.750662094328597 31.778653898287665 31.895803186845633 32.082569305896385 32.324298300122216 32.61021700004668 32.931881612838346 33.28151372310431 33.6506236173341 34.02925008231937 34.40604454515182 34.76929901650747 35.10886408015445 35.41873039107714 35.69986731943136 35.962748713886015 36.228883260930196 36.53064972329009 36.90886109895652 37.407780692797154 38.06779300216735 38.91655253051607 39.960093864270746 41.17592562235089 42.510346446969656 43.88191222776922 45.19201865614364 46.34195904572378 47.25380804637213 47.89054238059385 48.26960171972455 48.46431003950851 48.58969954586742 48.77328563732133 49.11649191213631 49.65723055150519 50.34664980284898 51.051463856766226 51.58677586068401 51.7738661162253 51.50610633300133 50.79857671671646 49.797696679066455 48.73859169228561 47.85808683007764 47.2932430442624 47.009017633430716 46.7945497427206 46.3425758461886 45.38764347476305 43.84312131132985 41.865129906721855 39.79676342040199 38.003796105525595 36.677818085872445 35.71682249565943 34.76744714978932 33.428477485755124 31.512209886058347 29.20302213896078 26.991269461081394 25.391539604514275 24.605968089089817 24.360261689044254 24.053247674318598 23.151603575834383 21.565141943244846
29.415351190283957 29.665540930446664 30.93339606001922 32.84424058480292 34.697172192306475 35.97585772855901 36.67148557909579 37.21809194822993 38.135258420301064 39.6558005097798 41.584722414935 43.45013195923998 44.81407753120669 45.53284917784205 45.81817300548753 46.08923966769454 46.725581682994346 47.86832152149847 49.368056625193084 50.88548544825781 52.072622743888545 52.7349404918983 52.90093643304678 52.781462118689404 52.654110549840325 52.734586705061446 53.09132029645944 53.63132663665921 54.15145162326529 54.42472848948415 54.284067176725884 53.67377440962247 52.656590844162565 51.3816399953429 50.030556807465175 48.76250420759576 47.67478478839699 46.78750332022296 46.05191052371669 45.37548159179177 44.653787722322676 43.79969376473569 42.76328187422581 41.53972996159328 40.16589889911333 38.70879905864229 37.25013915922708 35.87096283515717 34.63935532875825 33.60282652913568 32.78565104351301 32.19043491990662 31.802593214437525 31.59624897712012 31.54020983625599 31.603018911063586 31.756492974990756 31.977560269143297 32.24853565312033 32.55619680832431 32.89015088955098 33.24101896598931 33.598932938689806 33.952751713853374 34.290271033563464 34.59953139695885 34.87112733223163 35.101199867381645 35.294573198669276 35.46731057315702 35.64786114675082 35.87600503132992 36.199029840071304 36.66501804106935 37.31377444019122 38.166695359160045 39.21761745791535 40.42716016815221 41.723039362381094 43.00807234471095 44.176043981872304 45.13342122672523 45.82253865524092 46.24004744793881 46.44396608292801 46.54429450561689 46.676073288147194 46.9594078605737 47.45683555431232 48.14228531384762 48.895496792686856 49.529768251151964 49.84985187159446 49.723748144558364 49.14218045494126 48.238222593407826 47.250348336216994 46.433797755866216 45.9504202544822 45.784481986547135 45.72996283872644 45.4688770947265 44.71714234476748 43.37345002045589 41.59137551012713 39.72170356509034 38.1362056788314 37.016739787763626 36.231287573811684 35.38804912801009 34.062362182345076 32.076927024807986 29.657545205153255 27.3389718358141 25.647696916221584 24.752641934176538 24.330728480065748 23.77447850599816 22.627462942897196 20.936618443071367 19.228744772819507
30.001580041117048 29.75359628833855 30.13630780827238 31.500368022370907 33.53208743144438 35.51072250370518 36.845613620601654 37.46749477364688 37.81174906163465 38.456525807720226 39.707686179035804 41.41532930871696 43.11134082011664 44.337033389287896 44.93027047281524 45.10168704241214 45.28213597508501 45.85960033614604 46.96790686621465 48.435191419904555 49.89707760113671 50.99305435790392 51.5361952267946 51.57824867203948 51.355622523636235 51.15955894002843 51.20014868863616 51.5238191200266 52.0101929239226 52.43665819508041 52.574148950601256 52.27257044859425 51.50628992690669 50.370455776475865 49.03802393273808 47.69868991111611 46.50245837033833 45.524302904911025 44.756355631618014 44.124485606145974 43.5198232604851 42.833773936884725 41.98675731195198 40.944812821227174 39.72264060849851 38.37527921596463 36.98274779540377 35.6325050605846 34.40383942806042 33.3568497289559 32.52704818184291 31.925228241536423 31.54131470403152 31.350502857327967 31.320022852919845 31.415194967998417 31.603918841575528 31.85923643397293 32.160036304754286 32.49027994528145 32.83731737244757 33.18992848985614 33.536697712655695 33.86522139017589 34.162476207676626 34.4164541079518 34.61890807214607 34.768772905556176 34.87555856730269 34.96180965543782 35.06364709785373 35.22852550021296 35.509706998567765 35.95758550566181 36.60884200301343 37.47533097899592 38.53535741879627 39.73030711890741 40.96915015659993 42.141968129951735 43.14141216000515 43.888262429008975 44.354763574421426 44.57812632045508 44.65746004460183 44.730957388286924 44.93607723931213 45.36235986198769 46.01196630712236 46.78430251686752 47.49612301420653 47.937244339706176 47.94722998805991 47.485648209717056 46.66437478733316 45.71973931926102 44.924885815115616 44.47140194594349 44.371180954032596 44.430942447666496 44.32588326510941 43.75185312217544 42.58792698557605 40.98091616897163 39.29006526567239 37.900589165872795 36.996503148785706 36.426820728981596 35.76582357485643 34.560229768209915 32.62904624779311 30.220465252082573 27.89483128925394 26.176323912115627 25.193599035135612 24.575238089499205 23.713174670709982 22.234430133288647 20.326402216209207 18.62498943702871 17.699425060681765
30.15469729260663 30.454337802035738 30.461064531995405 30.910168324835286 32.24275448703818 34.22873743828377 36.16060314811526 37.40561866575336 37.85632189436631 37.95702219207698 38.33758031202027 39.36033831665995 40.90180122182477 42.4841485976244 43.62330605151098 44.14118062671507 44.25134633161362 44.39628936704513 44.966307600966715 46.07835188734489 47.53052153253255 48.93247996577264 49.91804865252005 50.3194014668212 50.22230255665108 49.89407994172269 49.63794743557319 49.6515675485269 49.95155553378906 50.3854824888505 50.711981199247276 50.70543671023057 50.2404488874971 49.327823313046295 48.097467255808176 46.74355722466826 45.45726868537419 44.371230958751994 43.5309186258379 42.8964514790395 42.36829909861604 41.82484675029923 41.1591685844643 40.305501691276014 39.25087235665427 38.032203413576006 36.72273358144838 35.413184169564786 34.19295977714198 33.135319755299705 32.28858537558673 31.673643868461333 31.2866592161093 31.10515726962778 31.095490038802453 31.219957370167286 31.442388205577863 31.731585547240215 32.06259030358348 32.41614337958529 32.776993172300784 33.131809666235384 33.46744588298814 33.77015633649915 34.02616229431432 34.22366477404113 34.35607055536496 34.42584620690252 34.44809914310802 34.45277140098127 34.484303672819465 34.597864895802815 34.851798438726384 35.29679861190656 35.96339348215437 36.850349623362305 37.91730739202227 39.08493420493015 40.24484621969277 41.27940424198297 42.088498659351536 42.6172920854621 42.876650889773266 42.94785791042466 42.96604478974898 43.082677008643614 43.41519409770977 43.99908710926855 44.76105716613131 45.528604412426716 46.08051620264318 46.22651809290244 45.88851727994992 45.14808859269643 44.231623789976396 43.42724956936566 42.95964470224472 42.87627000202286 43.004975373672465 43.01849694263289 42.59069362217288 41.57440582599129 40.10325193321813 38.54424001222426 37.303885259468814 36.582805575575065 36.22604546347401 35.782681193285576 34.769434610466234 32.99132881332693 30.704708333534885 28.482711984180458 26.838545917404815 25.85513319830906 25.10724678237248 23.97753913696521 22.16324763406192 19.97677279739756 18.153010806589876 17.25894656920147 17.170700563378556
29.189202087675355 30.573147862735315 31.226035054367976 31.37058690891488 31.74655450614425 32.89629895737692 34.688617434688645 36.448614091799435 37.520583947021635 37.771524315220596 37.655499524872255 37.84141019291951 38.72591971204123 40.18895117509176 41.728134738365966 42.83150424890822 43.3119888142529 43.3949027566981 43.53771624389894 44.12860628960614 45.25901301194236 46.69078533733689 48.00894886634802 48.8509423952265 49.080980266493555 48.82915054456582 48.39673378704496 48.0940266833934 48.09678378133757 48.38297935883132 48.76434513797438 48.98355383946064 48.82611790691197 48.200077451118936 47.15847417662849 45.86632146833051 44.53376991658542 43.34463320521668 42.40486565055873 41.7236984677673 41.226926761314346 40.79202567496653 40.29059747764001 39.62487297997756 38.749748836150445 37.677754282650376 36.46940267312885 35.21444691664034 34.01038687367199 32.94361249796428 32.076582294081376 31.44221971297484 31.044852656113434 30.86583798903529 30.87155992823468 31.02164280581879 31.27576093579208 31.59813778866133 31.95952204423606 32.336991319146115 32.7123090647961 33.069736387409634 33.39419573427912 33.6705259818338 33.88428868513968 34.02421372183416 34.08594543060105 34.07631769752381 34.017019455455184 33.946303633456246 33.917446729625965 33.99307323477713 34.235257998909425 34.69245383167617 35.38557321148877 36.29665391753757 37.36403048039902 38.487390433485515 39.54425265976952 40.416348573411504 41.02069212281562 41.33687803373614 41.4207519598145 41.396334256046174 41.42330305403899 41.64568175021252 42.13626613489053 42.8571663473151 43.65593574579515 44.30707744569488 44.59162269571165 44.38850477367788 43.739226576857845 42.85023764196984 42.01900558663713 41.50466450909039 41.39770606679332 41.55638286817449 41.65652531707321 41.34825571806871 40.44992688865592 39.07241259421178 37.58650157583103 36.42595431680891 35.822697518055406 35.634874696646705 35.39789970140959 34.60005003761337 33.02559095751933 30.930196159854383 28.89504103666581 27.42303299845888 26.553021989689775 25.801435903408922 24.52583639447 22.46707274185895 20.031889584523256 18.031004548123168 17.026530735235664 16.822978611464535 16.586571215392986
27.837870078248933 29.611573859579643 31.27340508395705 32.09268927098626 32.19887297431649 32.356512933341634 33.21448859098237 34.739327813825376 36.28867557046709 37.18744055660794 37.28080237341899 37.029546024129075 37.12731939179212 37.98212612178166 39.454818419006656 41.006532569666184 42.10014350998066 42.55252614608719 42.61405409717015 42.762493895448245 43.379438951856784 44.52182803543967 45.90978586724483 47.107020204753965 47.76599031174072 47.796571181767106 47.38185728885754 46.85661308814686 46.52945037303513 46.54219189350934 46.82514082071157 47.152370287241766 47.256340846133654 46.94375533982401 46.1654950270955 45.02126312300615 43.70873868939199 42.44576490971684 41.39786028333158 40.63460416147857 40.123610111734784 39.75664164174137 39.3935402444551 38.90749733874023 38.218629271022905 37.309202639784786 36.220468079683656 35.03592371478846 33.85809119486981 32.7856963743312 31.896279226447064 31.236690075264548 30.82150645034451 30.6376626387329 30.652719013103663 30.824137555842746 31.107443648961414 31.461964229821273 31.85369202950468 32.25555980901426 32.6459214684549 33.006297904294016 33.31946615102905 33.56878353537472 33.73928525583002 33.820619871101954 33.811348656042014 33.72360685951785 33.58670844879588 33.44809437567246 33.37020499077686 33.42249415776686 33.66890578019692 34.15257512041626 34.880997920881285 35.81597054931485 36.8727075658029 37.93123767601948 38.86031902239751 39.55007653779194 39.945359162934786 40.06898538774841 40.02426560892019 39.970592205036795 40.0742939985895 40.44732978754581 41.094956950890506 41.89573357510402 42.6297489389877 43.05387661729935 43.0010154763148 42.4629800098296 41.61432696227339 40.75319634260508 40.17200232506428 40.01096004111717 40.16923193398013 40.33351301259325 40.12988581563824 39.333188393749325 38.01879778313358 36.552882450715636 35.39863565984288 34.83223710921851 34.742221451056956 34.66301045545839 34.0570646700493 32.682476443123775 30.788715808327176 28.967033674870013 27.72072249026104 27.056677945058258 26.43555112568163 25.175442275832083 23.030639278189042 20.465469246689988 18.335898734040402 17.1857762569309 16.756634649718062 16.198266449430367 14.857459182748059
27.452348575833536 28.4228186931489 30.260793287880887 31.97290618726446 32.748187637143694 32.66379909282782 32.52361249168218 33.073852363607465 34.35798216741132 35.747982074256896 36.54178046935328 36.56319717846602 36.27846710843143 36.39493823363717 37.31217534864241 38.85327918678997 40.43632889094886 41.50824190315693 41.90832151990054 41.92797645071275 42.069968032040904 42.702539324413394 43.83749955741611 45.14824565127973 46.18265618249579 46.6216373519423 46.43430769860365 45.86268489407806 45.27006861181959 44.9504887492654 44.99794054911922 45.28712788020437 45.555943731879935 45.53610079181288 45.06785382520509 44.154170947506834 42.943384078730475 41.65978122706551 40.517388325143216 39.65092756906809 39.08453097938152 38.74133138120174 38.482813706999146 38.15980612404268 37.657569095640746 36.92330848521392 35.97227547709671 34.87548963305538 33.736295043135165 32.6640361930165 31.751737982519558 31.061906985865704 30.621565400116374 30.42521134868834 30.442978310795294 30.630873824211246 30.940391815994857 31.32568271562649 31.747505731382216 32.17412823855815 32.58002629509115 32.94361465162645 33.24529413619986 33.46688527125548 33.59307402323668 33.61489569051129 33.534610030505185 33.370684520420454 33.16114298527751 32.96341414927578 32.8491794068171 32.8936587861514 33.16024632380694 33.68317780166219 34.45253755238882 35.406773390441806 36.43735602739367 37.40787726990209 38.18581811599051 38.680247474052145 38.874396482436836 38.84039409344425 38.72620821192264 38.712607713972304 38.94933107174238 39.49092828873817 40.258731778909095 41.051329402178425 41.61006867650505 41.72217941735254 41.321426542299605 40.53709617363452 39.65604848947036 38.9994886299433 38.76258692098796 38.89716837121551 39.11174690621014 39.0111335175234 38.31842157301424 37.05832508536831 35.579268558622815 34.371184324511574 33.76433994115531 33.69402574166745 33.70638424987054 33.24013833441988 32.02041541635333 30.28443418662893 28.638354942886238 27.603724973390513 27.177687165125683 26.77756925239682 25.67508942512823 23.613007856284376 21.080868066436736 18.952360258401345 17.73691955096925 17.10706457809262 16.194054394525143 14.448188534064762 12.249514229666826
28.31791881889982 28.25530391499503 29.11258181510901 30.798058233190375 32.35918859060166 32.94684661677029 32.61286643852006 32.20112577639405 32.53061780061379 33.68581641368924 35.024509237416204 35.80758791936951 35.842254011023876 35.605890834289355 35.81463470759637 36.844459758570856 38.466638840218096 40.055354075700194 41.05669354415815 41.3546011832858 41.2972738056331 41.4135498843843 42.047196586458384 43.15203590313115 44.350729677187026 45.18371395966938 45.375884860198546 44.9683793002398 44.26412555339397 43.64477460864413 43.37299124291854 43.48042954171016 43.78107574630117 43.98278556520428 43.830129277353024 43.21094009140792 42.18805759456594 40.956635427009395 39.75718400714078 38.78536416605884 38.13202583493637 37.76878908354047 37.57519344611025 37.3903290000433 37.06780620474192 36.516788730229706 35.72011779812571 34.7294042457728 33.6434809186604 32.57953207754779 31.645762934925425 30.921773639672928 30.449264335453144 30.232505299285368 30.24586764352946 30.444833589159934 30.777119020770353 31.19147045113732 31.64292876357585 32.09453689659291 32.51637873616814 32.88336004670006 33.17325849601943 33.3663163455144 33.44709787058613 33.40857982046761 33.25760973797951 33.02011017569989 32.74391689960802 32.497120095100826 32.36039995144392 32.41317541931281 32.71528998956046 33.288059293073196 34.100166907681505 35.064335374243726 36.049224705688374 36.90734551358691 37.5143980255544 37.80977712958069 37.8242131275049 37.681012438819046 37.56363078204936 37.653866653161415 38.05860718398259 38.7532152508369 39.57013459555662 40.24831165005969 40.53429939710466 40.29811878656953 39.60988632974349 38.729888343034894 37.999377614197726 37.67105356698968 37.76179522256857 38.016630483904116 38.0265874590532 37.457615726868916 36.2676842819629 34.770046037035044 33.473308164171485 32.76786051492107 32.65092113933899 32.69321945299085 32.31093422596263 31.18622266912981 29.533694154274944 27.976881258292774 27.075486348473007 26.845469231714983 26.681780371403878 25.811521743496463 23.950153010976035 21.59135775582596 19.61179570784579 18.47934135251864 17.788906294388216 16.632712108074195 14.530328989794913 12.011187718606216 10.175311431349844
29.189857578947205 29.189615090733206 28.97394076331248 29.536451547187585 30.927785727548603 32.248382652296335 32.62666241223675 32.09813722823112 31.535943290421855 31.798912592145403 32.971269930688926 34.36820817190068 35.20998677818822 35.301906960105356 35.147167899466446 35.47122067866911 36.61424429324551 38.284787838461995 39.8169333638567 40.67550845019264 40.812581382892866 40.64555871242642 40.72416045817377 41.351036743860504 42.407496459155084 43.463939845825024 44.06581702854093 43.99969767625622 43.38965503952228 42.596317884265375 42.003794486265605 41.82354139751355 42.0115767729189 42.32082470046959 42.44105260312926 42.14725243118116 41.38919179781538 40.294122317041 39.097065732030934 38.03968156225876 37.28245288034294 36.860242985762184 36.68876287165123 36.609753163628 36.45219801315046 36.08682607705442 35.45862970950717 34.592531349626384 33.57646094448161 32.531497661267075 31.579844733085807 30.819190858933894 30.308093498616543 30.062992609015645 30.064436928450192 30.268559235010283 30.61971261078019 31.061082498879628 31.541507522085517 32.01820967346942 32.456318019759564 32.82678722509879 33.10450857597524 33.26812194319415 33.30235503482143 33.202775911645965 32.98182122368269 32.67407481293518 32.33827316050828 32.05365925986871 31.909277785330936 31.986615247419827 32.33838222728846 32.96862759744549 33.82090396626083 34.78092235874087 35.69736011651045 36.41923407169938 36.841589869852804 36.94536771057031 36.81502559948271 36.621311379345116 36.56720009398977 36.81021524195123 37.388664089667515 38.185401998577106 38.95448099646715 39.412461850414175 39.36429425337377 38.807942728996814 37.95886605706812 37.16446526363335 36.73322102698834 36.758697478009736 37.04068560181368 37.1699438295357 36.75491151909382 35.671818017250274 34.177955013674584 32.78702610175397 31.951358708670274 31.744359101523127 31.775609998328182 31.440442043776795 30.36491237132772 28.724106221059312 27.154570772648793 26.27061923628861 26.136809998965642 26.151005771022966 25.503029729762602 23.872508407869013 21.747611054639687 20.00976908100298 19.095854974961732 18.52564962756687 17.33031104087255 15.051037748477611 12.310562645745893 10.274610379384523 9.458532448225021
28.824028357313537 29.915647836959206 29.779624089142416 29.253523682505456 29.454701889756926 30.55469087636178 31.68581016638534 31.94674038540271 31.35588181172955 30.803603950866144 31.15775511634964 32.46557060028262 33.97966104255843 34.887885549628415 35.019733136936416 34.925582622390394 35.34204044412828 36.56047225773882 38.21674053382773 39.61207239661718 40.252648333827196 40.18108638980792 39.89036513018278 39.937825405992854 40.56298587490669 41.56030754396633 42.45115681744461 42.803745868585125 42.48568255616626 41.711466866305166 40.88964290705985 40.38512373128675 40.33678848758783 40.61532213536628 40.919003192679185 40.93785719138624 40.49777128784047 39.62302843901541 38.504482470002976 37.403790152170686 36.54429932773157 36.033767340935654 35.84198069959993 35.83076371945001 35.815562935304705 35.63158698943542 35.18224732340741 34.458636000811985 33.53051021816793 32.51768120979153 31.554129087132708 30.75601745768521 30.200772481710466 29.919540885343256 29.901263637269587 30.10417010559807 30.469854888445926 30.93587532794502 31.44439440863849 31.94618098452456 32.40079616088505 32.77475967333941 33.03979693361956 33.17294255419964 33.159438045708264 32.99819621107274 32.70835868426297 32.334447157866656 31.94713667635144 31.637068527039403 31.500551202215252 31.618395258651745 32.032046874889545 32.72377957878054 33.60884962809825 34.54613627337033 35.3693261957527 35.933673827604366 36.16566181839364 36.09757087262843 35.86941415688426 35.68903612812586 35.75663312676657 36.177814652255286 36.90161758891424 37.718224862026425 38.33124847045334 38.48546239617312 38.0966717932958 37.31540223416786 36.475625763097405 35.93362153703316 35.868294733860736 36.154823092617264 36.40385101617226 36.17306548419067 35.245398799924196 33.79936938844447 32.33462214873076 31.36235578313651 31.045635766383114 31.050291739833543 30.75580004745992 29.71808811633786 28.049325537853658 26.385458653344912 25.404415213914028 25.24602593049384 25.336459901724176 24.836378163484984 23.38236095312455 21.452585034996567 19.947458040771732 19.301940311963836 18.981845376542285 17.948051424016967 15.721445877999994 12.962906160801001 10.860441432073365 9.873983144556234 9.215741701454494
27.640243436728024 29.311398696030167 30.210218701514087 29.80412549325551 28.95853127748574 28.890162284341308 29.840566635617122 30.930781156192097 31.214578475732832 30.697021275571213 30.283402262045616 30.829355315046286 32.31794640341072 33.93068400069092 34.84345174110136 34.94438314896168 34.8535192404528 35.31592234144228 36.55644277376673 38.1279116523637 39.309317077593434 39.673191718369594 39.37217619247835 38.97299654812802 39.01859364069185 39.65951491022295 40.59222651526747 41.29965413692592 41.396506899063326 40.85109313546033 39.97018360376387 39.192558879242895 38.837173040171656 38.949808244772136 39.31250848896895 39.58375282424862 39.478237432484704 38.894012856790596 37.93789086461402 36.856058615653254 35.9168078875492 35.30258725267979 35.05250902432678 35.06763998458509 35.16488096506643 35.15071149645736 34.88571267579447 34.32075230467649 33.499564931563924 32.534332583661616 31.567412842824567 30.7330453387814 30.129232477120862 29.804435654573066 29.758465472723785 29.95338402465779 30.32884892142559 30.81683451044668 31.352376727179347 31.879125981935868 32.35040973425232 32.727784734806875 32.97951485728356 33.08105220366502 33.01857583273316 32.795208447243255 32.43802746334467 32.00282127184107 31.573145349450318 31.250968926319185 31.13822441232462 31.31166067101132 31.79685101851691 32.5498416223745 33.45534128672169 34.34740707720359 35.05204595585232 35.4423055187197 35.4882073598995 35.28029173942738 35.01017758552143 34.905493518031875 35.13661336793104 35.731037883850206 36.5377804974142 37.270812817812725 37.62756894446398 37.43729242143081 36.765700095834056 35.90837309353539 35.25340718091457 35.06785801675778 35.32297877871797 35.67571957162424 35.64861096512736 34.92578353773149 33.5839409178804 32.083924817846054 30.98659368343219 30.556565709681816 30.53767404198951 30.30515096768123 29.33367563038842 27.644902784646998 25.851136858189953 24.693646672512028 24.409021938018903 24.475265807523275 24.029631687709383 22.653738901528033 20.80739993845245 19.42669788094279 18.98504303791872 18.93233728826387 18.167576311646332 16.166358675037593 13.590420472651477 11.623064174464474 10.653882437409717 9.803016121896494 7.960265194167658
27.205232028427883 27.916947408859386 29.268620808393194 29.906914811576215 29.271642378909533 28.251895066195424 28.120267183075295 29.124575809632297 30.329132155473104 30.73749881591326 30.36147263450564 30.13352751461227 30.885640204568347 32.51759047038972 34.14073651864249 34.94828808463032 34.924358307181265 34.775579261926495 35.24290810126493 36.46026969460512 37.887637419134286 38.79726726767828 38.85542261832633 38.339580259471234 37.87855978594928 37.97053041868087 38.65027074423052 39.51204673457912 40.02061359089068 39.866442810416764 39.13588299788583 38.22142248505807 37.56564113411075 37.411365841359896 37.69489737482929 38.11564063650817 38.31643117285985 38.06548567641052 37.351837434610815 36.365082242366256 35.389399354213 34.673572142502636 34.335881940252904 34.335603712575534 34.50931349144129 34.64573434267517 34.56459701897177 34.17161104595874 33.476483695791224 32.57631800055797 31.617169333359136 30.74999013475381 30.09460657920897 29.719383826452898 29.637717232657852 29.817542761223233 30.19764800361126 30.70460563623285 31.265908338416338 31.817393133341007 32.305433723600636 32.68604900192755 32.923729685463044 32.992398514917056 32.87967777131241 32.59388461944413 32.17137569383188 31.680563495377218 31.21867713280913 30.89855243450679 30.825499008603067 31.068170463789283 31.63130019041289 32.44058514959543 33.34922888045785 34.1706236407687 34.73271936903727 34.939149715014054 34.81436547526678 34.50969415920364 34.25762944260551 34.28184689951578 34.69389142832197 35.423020998347155 36.22187405994751 36.762427206678176 36.79150026186739 36.27352122396298 35.43689019940467 34.67647925359114 34.34129631917351 34.51598962212712 34.93483745068857 35.110669756338886 34.632169344777616 33.45342230642258 31.966470789090188 30.76463687287051 30.22222923382312 30.18702291887068 30.05099520034961 29.20381773478049 27.5485415846362 25.642839527189206 24.28160474908553 23.814509993883373 23.7941337658721 23.338389537365 21.954801601657586 20.065261337160702 18.649891730674103 18.260973292809762 18.378583570449194 17.860446933016384 16.127414308294636 13.826702945043131 12.13831915502357 11.392292306071866 10.605237953962913 8.627864545675074 5.638159354911966
28.026589292141654 27.270834591263537 27.594176679683127 28.681410236121536 29.17623476238667 28.484945247106914 27.50726362754719 27.528961663838523 28.74738543382589 30.139483044226623 30.674132668751334 30.408943691235407 30.326155875024302 31.22546087794393 32.90643368370577 34.41665193719584 35.00073870948501 34.773526761558486 34.53398584219971 34.99351161340517 36.164946933303014 37.409510680591566 38.015778429182205 37.77336673184582 37.092635999851936 36.64167234091562 36.836681400733504 37.57294864046658 38.34926321057312 38.643440525124134 38.254359191334395 37.39752228579696 36.533343764902384 36.07320253792949 36.153350407651715 36.59243478502726 37.02507164736245 37.11143515408989 36.703333669763666 35.89295287637995 34.942126242623246 34.14613547143358 33.7041315170905 33.64994138053982 33.860012728529924 34.12039639637527 34.21581226189067 34.004111762004285 33.45336776575266 32.637283376426154 31.69960468255757 30.80549819834752 30.09722790146385 29.66552133617997 29.54027079523693 29.6976403824682 30.0768877783145 30.599527514992992 31.185143172762622 31.7610382760512 32.265856545722336 32.64945466331219 32.87222294797162 32.90664355845286 32.74237852148059 32.39405038063104 31.908745616359283 31.36885684999757 30.885871071416123 30.582559872378553 30.56469887511204 30.88819085359028 31.53177362171845 32.38732844333999 33.277276836223734 34.00088300344734 34.39975885848622 34.42128457296453 34.152594064671504 33.80253694112235 33.62659023446609 33.81595125242646 34.396250603131406 35.189300681630826 35.87242634671788 36.12540121619898 35.80237952422641 35.03512922236524 34.19150308274654 33.684398623472134 33.72145398271168 34.1467120206708 34.49851981000728 34.28511370327578 33.322791976433386 31.900817422884643 30.617871132701076 29.95875846094331 29.90311708805273 29.891304651194112 29.235742496347537 27.696655450500472 25.740369403762777 24.196508094921757 23.53966999914024 23.421998365367692 22.948933302758306 21.530100389849153 19.516391379979435 17.924793127099342 17.41734809100546 17.548585545935993 17.157676018685272 15.605759847616387 13.521852155040769 12.107989295378971 11.677795006888843 11.162018259404206 9.334533706833199 6.381874027632858 3.7877488518303295
28.69110024115058 27.801059128552605 26.717793578582555 26.835375162229187 27.87614746285767 28.4317640230916 27.86946391641912 27.101040808459384 27.400145003996485 28.874935536217357 30.405337793111382 30.96191360748667 30.699291532110898 30.671346472565162 31.629605885398377 33.25299578007811 34.53475612975073 34.807480916076656 34.34498655423123 34.02961653236567 34.50478079369236 35.63035169813099 36.67204210950634 36.96791399239175 36.461423353616816 35.694068600046265 35.33822459327055 35.686960277504426 36.48042652393724 37.14315459625971 37.207715265023026 36.61324209010951 35.70443124196673 34.9784441866041 34.77386417781423 35.09436852845856 35.645421919725464 36.02794701144626 35.95882230221166 35.399872571550645 34.54730600909758 33.71175623929344 33.164518855297345 33.02495191004231 33.22970616744617 33.580807833991756 33.838076435814926 33.81181946989413 33.421932837120764 32.709865607550185 31.809746325745273 30.897170746383825 30.136635342427446 29.643424141483134 29.46697716239098 29.594353433931694 29.966920042359924 30.50166675652555 31.109969737883155 31.709859304775474 32.23141540873506 32.61765594789452 32.82452843456483 32.82320453555001 32.60608261613624 32.19533381325399 31.650323123927322 31.06874117501277 30.57664061148333 30.30524909596658 30.35719030007278 30.77040277227276 31.492509766537548 32.379134187869084 33.224688661389465 33.8233261796309 34.043673495522356 33.889244345214365 33.51395623259255 33.174052685050285 33.123431986309654 33.49030470642231 34.193878407635104 34.95454691572504 35.41330483135724 35.317063727880154 34.67571889419288 33.789873064152914 33.10465339643939 32.94776456317085 33.30202820102065 33.77451709311782 33.821957863726645 33.11770207734671 31.81314578858531 30.474196113458017 29.685177258352144 29.58312244216408 29.69818355456068 29.28799319644293 27.954115290985747 26.031548368533443 24.356217856595165 23.534497694382328 23.348038165754602 22.905828370114904 21.4978324874654 19.36038366723248 17.522894156831896 16.77414403631288 16.780428319359743 16.380068847471453 14.861995141464103 12.827784180231223 11.532967936192978 11.339157652321884 11.138632398255279 9.621419055686097 6.936252343541284 4.561727730085352 3.3721289344185195
27.791385509054145 28.1339788353372 27.05051642271645 25.892380989198735 26.09282781589917 27.323308654108967 28.085579407471954 27.72853600142129 27.20456888589758 27.76919015456918 29.41763826132666 30.939112423438875 31.355015035158708 30.968518585571328 30.91392668585526 31.863658772628995 33.350588891787346 34.32780924512773 34.25505928525354 33.58454117646987 33.256676571317435 33.798122555853595 34.888495107019864 35.71606033006268 35.712611694769215 35.00320965688407 34.244965568533374 34.067336673558536 34.599609697392495 35.42491975995053 35.9315740250466 35.756085561066165 35.00271441650828 34.12931399493283 33.62483671075054 33.71125002182839 34.24424084716087 34.837128261752824 35.10079014686529 34.84971952462702 34.17235250191878 33.35430558727958 32.71853735105749 32.47280076148072 32.63206076198508 33.035430852062966 33.43229736342666 33.5894622468297 33.373921882007515 32.78594950120413 31.941564488480328 31.021605946287888 30.211586939625562 29.653121833689823 29.418309542733567 29.50807191743229 29.867847283915793 30.410852864160084 31.040045812336928 31.663430716967316 32.20163124131615 32.590094896376634 32.77996939647618 32.74129345632949 32.4700078774205 31.99721252788728 31.3961842301445 30.78114748144514 30.292677827656217 30.06835335928314 30.203300105208697 30.711830465675572 31.505652225636503 32.40310893321958 33.175743043612414 33.624017636504064 33.65782699691701 33.347066375969504 32.91093056821245 32.635566708405776 32.7436061088782 33.2716561707591 34.02342073998457 34.641875519667586 34.78573689271673 34.328240012976444 33.46088643098874 32.61615250893727 32.22198812339742 32.41926587871549 32.93095234879913 33.206090817891166 32.78494320096358 31.649828786924104 30.285506634872764 29.348722475720777 29.15081261217997 29.35954873006727 29.21668612096721 28.162293398927197 26.35971706012428 24.612070057742145 23.6564295370758 23.438926184579564 23.102774473836007 21.80697636684857 19.625803959919562 17.561880157454894 16.534335934696017 16.352925164500533 15.868630822944116 14.273388374181252 12.112817982731599 10.713215128866103 10.549174321724799 10.535769183273317 9.293768522723902 6.918400071110312 4.884168495677812 4.0193191150540635 3.2470296625540485
26.040722467891435 26.99646704028073 27.287011592026218 26.271621684988833 25.313868104201138 25.821065699797472 27.348411585874977 28.30364967519001 28.07233763795079 27.696784453853233 28.414127181626018 30.08536260770397 31.421855561874708 31.54861577057159 30.958562718871814 30.853524875834083 31.778900703860543 33.09570831343343 33.74121642640319 33.345258639342546 32.54667074055548 32.301818807852385 32.96624183097279 34.02423087707313 34.62402565447159 34.34445969414265 33.51107921248287 32.8630567046646 32.9293104323846 33.641738414726284 34.44404945057895 34.74320955211953 34.33039414881622 33.485237232418925 32.74277084985127 32.52752615148917 32.9058421088735 33.58734307878366 34.132941791069825 34.215945883433484 33.78365925762782 33.05129614130901 32.36135764037632 32.00238777215899 32.08085403718904 32.49485969577581 33.001839239253776 33.33340255838452 33.301545225484034 32.85696618575182 32.088126699165414 31.1744596897981 30.32008088357112 29.69411324466634 29.394386537378836 29.43893009817537 29.779557065925697 30.32671304112665 30.974832589343436 31.621137320828822 32.17584251967648 32.56603579040964 32.73769419745381 32.65995509490362 32.33322687373328 31.799058159499772 31.14633732620622 30.506925244886872 30.035447640698496 29.87303046850769 30.102235647286975 30.70779914139316 31.561365390692853 32.44480632431387 33.11452153321825 33.39081578438456 33.23899446900658 32.801939942051234 32.35581793652317 32.19213220250176 32.47011346537312 33.11267693088162 33.81462032678458 34.18367468370677 33.958773306319934 33.18620909201037 32.231179315031554 31.582445859635115 31.541311706513294 31.991076763654302 32.43031840937675 32.29576812783792 31.380457052716693 30.03313338163671 28.936883728215033 28.57826656740344 28.810879902430628 28.91576303277498 28.186379013911406 26.577949724794163 24.80997683103164 23.73593999900958 23.502573378407003 23.335006379364337 22.2680662140758 20.170027484328315 17.966537064305328 16.699509937664526 16.35330711937601 15.809152723479624 14.1306201682381 11.756477718308162 10.074505156991137 9.72074775392091 9.689497178570125 8.54753193465275 6.3288430364598405 4.530763654487796 4.005826665971519 3.600419012581849 1.662849213809647
25.340290355669428 25.170969304313704 26.232389321592606 26.72220189891939 25.961363922386997 25.33426331707486 26.18996831896996 27.934784723463043 28.911823607409694 28.62085831574172 28.243957385579666 28.98569666929878 30.542101384867433 31.56110470919355 31.32320655443226 30.53598192927497 30.43130097022815 31.36724491382696 32.51615683157467 32.840486774870314 32.186387831866035 31.372657198043324 31.31281705217233 32.137900027427804 33.141897973067294 33.49174326253909 32.969802381481664 32.1038533411374 31.6605053979654 32.00499668319046 32.85372397424655 33.55260575877399 33.59557380761061 32.97169258729059 32.12368626250335 31.606776761816604 31.719991982647354 32.34910877268502 33.082860713492266 33.4870022245221 33.351204583205444 32.77607330285382 32.08186429945548 31.61835541713524 31.589003241559183 31.971389489840664 32.55263998657839 33.042052985531726 33.19793090874796 32.91422676528467 32.2417845935644 31.350525702676396 30.459384410871404 29.76538358939933 29.394994608044897 29.386836261145156 29.701755447802558 30.248705992016195 30.913627621513413 31.582206503591937 32.15323741876976 32.54459767827643 32.69670984936951 32.578102633991286 32.194705770877434 31.600177489639478 30.900760273245176 30.24686162565733 29.806171565742808 29.719804130182617 30.05201152909971 30.75193004681843 31.64802749381245 32.4887304409376 33.02569872117298 33.11417448118337 32.78764988097066 32.26344630676589 31.85888277845982 31.840515749563334 32.273340359195416 32.9558738558827 33.49899445638064 33.5324025431682 32.936077158916724 31.95081249537202 31.06763898206433 30.727116156258617 31.005374214311452 31.516023419632287 31.644339219122095 30.993386033588006 29.721962001863382 28.474602018697684 27.890740840076493 28.049752025412978 28.340480038773748 27.946867869720542 26.58973187484862 24.843373859502268 23.643820590934133 23.36784787171869 23.385242178957135 22.63684624345598 20.75152779581999 18.519693775760356 17.087292778630914 16.64754012854268 16.14429836734161 14.488003487241315 11.944953816592903 9.927989384646875 9.26115376061852 9.061450443191596 7.8427022120792635 5.551501396414064 3.72673048449305 3.3320489983351074 3.223744248642493 1.6527533103028098 -1.1767699652303598
